grupo_sent_vader_subcateg,A_NFO,A_NFR,A_NME,A_NEU,A_PFO,A_PFR,A_PME,D_NFO,D_NFR,D_NME,D_NEU,D_PFO,D_PFR,D_PME
_____taisi,0.16666666666666666,0.25,0.3333333333333333,0.16666666666666666,0.0,0.08333333333333333,0.0,0.12121212121212122,0.06060606060606061,0.10606060606060606,0.45454545454545453,0.045454545454545456,0.07575757575757576,0.13636363636363635
___buzzy,0.037037037037037035,0.1111111111111111,0.07407407407407407,0.4444444444444444,0.07407407407407407,0.07407407407407407,0.18518518518518517,0.11764705882352941,0.0,0.17647058823529413,0.11764705882352941,0.058823529411764705,0.11764705882352941,0.4117647058823529
__amarcella,0.25,0.0,0.125,0.375,0.0,0.0,0.25,0.4,0.0,0.0,0.2,0.2,0.0,0.2
__thamis__,0.1111111111111111,0.125,0.16666666666666666,0.3194444444444444,0.041666666666666664,0.06944444444444445,0.16666666666666666,0.11607142857142858,0.125,0.16071428571428573,0.39285714285714285,0.0625,0.044642857142857144,0.09821428571428571
_acdn,0.5,0.3333333333333333,0.16666666666666666,0.0,0.0,0.0,0.0,0.16981132075471697,0.1509433962264151,0.18867924528301888,0.16981132075471697,0.05660377358490566,0.11320754716981132,0.1509433962264151
_airamsil,0.35714285714285715,0.07142857142857142,0.21428571428571427,0.2857142857142857,0.0,0.0,0.07142857142857142,0.2,0.0,0.0,0.4,0.0,0.0,0.4
_alloka_,0.2727272727272727,0.09090909090909091,0.0,0.36363636363636365,0.0,0.09090909090909091,0.18181818181818182,0.0,0.08333333333333333,0.16666666666666666,0.5833333333333334,0.0,0.0,0.16666666666666666
_alves22_,0.3,0.15,0.2,0.1,0.05,0.05,0.15,0.07692307692307693,0.07692307692307693,0.5384615384615384,0.23076923076923078,0.0,0.07692307692307693,0.0
_anaxu,0.07142857142857142,0.07142857142857142,0.21428571428571427,0.21428571428571427,0.07142857142857142,0.14285714285714285,0.21428571428571427,0.0,0.4,0.2,0.2,0.0,0.0,0.2
_annua,0.0,0.0,0.0,0.6,0.4,0.0,0.0,0.0,0.2,0.0,0.2,0.0,0.2,0.4
_brunesssa,0.09090909090909091,0.0,0.2727272727272727,0.36363636363636365,0.09090909090909091,0.0,0.18181818181818182,0.15384615384615385,0.15384615384615385,0.15384615384615385,0.38461538461538464,0.0,0.07692307692307693,0.07692307692307693
_caio_zzz,0.14285714285714285,0.0,0.42857142857142855,0.2857142857142857,0.14285714285714285,0.0,0.0,0.1,0.2,0.2,0.1,0.0,0.2,0.2
_camilafl_,0.2,0.0,0.2,0.26666666666666666,0.06666666666666667,0.2,0.06666666666666667,0.3333333333333333,0.1111111111111111,0.1111111111111111,0.2222222222222222,0.0,0.2222222222222222,0.0
_cellefonseca,0.25,0.125,0.125,0.25,0.125,0.125,0.0,0.375,0.5,0.0,0.125,0.0,0.0,0.0
_cels,0.20833333333333334,0.20833333333333334,0.125,0.25,0.041666666666666664,0.0,0.16666666666666666,0.42857142857142855,0.0,0.0,0.14285714285714285,0.0,0.14285714285714285,0.2857142857142857
_chuchux,0.14705882352941177,0.08823529411764706,0.23529411764705882,0.20588235294117646,0.11764705882352941,0.04411764705882353,0.16176470588235295,0.05,0.15,0.2,0.1,0.2,0.1,0.2
_cornetando,0.05,0.016666666666666666,0.06666666666666667,0.8666666666666667,0.0,0.0,0.0,0.08695652173913043,0.0,0.0,0.8695652173913043,0.0,0.043478260869565216,0.0
_czenith,0.0,0.2,0.2,0.6,0.0,0.0,0.0,0.0,0.125,0.25,0.5,0.0,0.0,0.125
_dakath,0.11764705882352941,0.11764705882352941,0.11764705882352941,0.35294117647058826,0.0,0.11764705882352941,0.17647058823529413,0.0,0.375,0.125,0.5,0.0,0.0,0.0
_djmalicia,0.06666666666666667,0.13333333333333333,0.06666666666666667,0.3333333333333333,0.2,0.06666666666666667,0.13333333333333333,0.0,0.25,0.125,0.0,0.125,0.125,0.375
_eufariaaa_,0.16666666666666666,0.16666666666666666,0.5,0.16666666666666666,0.0,0.0,0.0,0.2,0.2,0.0,0.4,0.0,0.0,0.2
_ginuvem,0.0,0.0,0.2,0.6,0.0,0.0,0.2,0.0,0.0,0.3333333333333333,0.5,0.0,0.0,0.16666666666666666
_goodstranger,0.14285714285714285,0.14285714285714285,0.14285714285714285,0.14285714285714285,0.19047619047619047,0.047619047619047616,0.19047619047619047,0.1,0.0,0.2,0.3,0.1,0.0,0.3
_henriquelima,0.16666666666666666,0.0,0.3333333333333333,0.5,0.0,0.0,0.0,0.2,0.2,0.2,0.2,0.0,0.13333333333333333,0.06666666666666667
_italodeleon,0.39285714285714285,0.10714285714285714,0.17857142857142858,0.07142857142857142,0.10714285714285714,0.03571428571428571,0.10714285714285714,0.4,0.04,0.24,0.08,0.04,0.08,0.12
_juaopaullo,0.0,0.0,0.4,0.6,0.0,0.0,0.0,0.08333333333333333,0.16666666666666666,0.25,0.16666666666666666,0.0,0.16666666666666666,0.16666666666666666
_jucanela,0.2,0.2,0.2,0.2,0.0,0.0,0.2,0.1,0.0,0.4,0.3,0.0,0.0,0.2
_lacarvalho1,0.0,0.125,0.5,0.25,0.0,0.0,0.125,0.2727272727272727,0.18181818181818182,0.0,0.09090909090909091,0.09090909090909091,0.18181818181818182,0.18181818181818182
_lalalalais,0.0,0.10526315789473684,0.2631578947368421,0.3684210526315789,0.05263157894736842,0.15789473684210525,0.05263157894736842,0.05,0.1,0.15,0.4,0.05,0.1,0.15
_leticiarx,0.3333333333333333,0.0,0.16666666666666666,0.0,0.16666666666666666,0.16666666666666666,0.16666666666666666,0.18181818181818182,0.09090909090909091,0.45454545454545453,0.09090909090909091,0.18181818181818182,0.0,0.0
_mariayeager,0.125,0.125,0.5,0.125,0.0,0.125,0.0,0.1875,0.0625,0.21875,0.28125,0.09375,0.03125,0.125
_memecute,0.25,0.16666666666666666,0.0,0.3333333333333333,0.0,0.08333333333333333,0.16666666666666666,0.07692307692307693,0.15384615384615385,0.07692307692307693,0.46153846153846156,0.07692307692307693,0.07692307692307693,0.07692307692307693
_milenxC,0.18181818181818182,0.09090909090909091,0.09090909090909091,0.45454545454545453,0.045454545454545456,0.0,0.13636363636363635,0.16666666666666666,0.16666666666666666,0.0,0.3333333333333333,0.16666666666666666,0.16666666666666666,0.0
_moonlightsz_,0.25,0.25,0.25,0.125,0.0,0.0,0.125,0.11764705882352941,0.0,0.058823529411764705,0.4117647058823529,0.11764705882352941,0.058823529411764705,0.23529411764705882
_nelsoncezar,0.0,0.07692307692307693,0.38461538461538464,0.3076923076923077,0.0,0.07692307692307693,0.15384615384615385,0.03333333333333333,0.06666666666666667,0.16666666666666666,0.5,0.03333333333333333,0.1,0.1
_olivernath,0.16666666666666666,0.0,0.0,0.16666666666666666,0.16666666666666666,0.16666666666666666,0.3333333333333333,0.14285714285714285,0.14285714285714285,0.14285714285714285,0.2857142857142857,0.0,0.14285714285714285,0.14285714285714285
_paodiqueijo,0.1111111111111111,0.16666666666666666,0.16666666666666666,0.5,0.05555555555555555,0.0,0.0,0.15789473684210525,0.07017543859649122,0.12280701754385964,0.5614035087719298,0.017543859649122806,0.0,0.07017543859649122
_pirlimpimpim,0.23809523809523808,0.14285714285714285,0.19047619047619047,0.23809523809523808,0.047619047619047616,0.0,0.14285714285714285,0.09090909090909091,0.0,0.18181818181818182,0.5454545454545454,0.0,0.09090909090909091,0.09090909090909091
_samarap,0.125,0.375,0.0,0.375,0.0,0.0,0.125,0.13793103448275862,0.3103448275862069,0.2413793103448276,0.1724137931034483,0.034482758620689655,0.10344827586206896,0.0
_samiravcs,0.0,0.0,0.3333333333333333,0.16666666666666666,0.16666666666666666,0.0,0.3333333333333333,0.15,0.1,0.45,0.2,0.05,0.0,0.05
_sanvilela,0.4,0.2,0.0,0.4,0.0,0.0,0.0,0.06666666666666667,0.06666666666666667,0.13333333333333333,0.26666666666666666,0.06666666666666667,0.2,0.2
_serpenser,0.18181818181818182,0.0,0.2727272727272727,0.09090909090909091,0.09090909090909091,0.0,0.36363636363636365,0.0,0.0,0.3333333333333333,0.6666666666666666,0.0,0.0,0.0
_slv_ale,0.05263157894736842,0.10526315789473684,0.2631578947368421,0.2631578947368421,0.10526315789473684,0.10526315789473684,0.10526315789473684,0.0,0.0,0.6666666666666666,0.16666666666666666,0.0,0.0,0.16666666666666666
_solara__,0.09090909090909091,0.09090909090909091,0.2727272727272727,0.2727272727272727,0.09090909090909091,0.09090909090909091,0.09090909090909091,0.15,0.1,0.15,0.25,0.05,0.15,0.15
_steeph,0.2631578947368421,0.0,0.05263157894736842,0.47368421052631576,0.05263157894736842,0.05263157894736842,0.10526315789473684,0.2857142857142857,0.2857142857142857,0.0,0.42857142857142855,0.0,0.0,0.0
_sweetbear,0.08333333333333333,0.20833333333333334,0.20833333333333334,0.3333333333333333,0.041666666666666664,0.0,0.125,0.15217391304347827,0.1956521739130435,0.21739130434782608,0.17391304347826086,0.0,0.13043478260869565,0.13043478260869565
_tcandido,0.125,0.09722222222222222,0.18055555555555555,0.3472222222222222,0.027777777777777776,0.1111111111111111,0.1111111111111111,0.13513513513513514,0.05405405405405406,0.05405405405405406,0.43243243243243246,0.02702702702702703,0.08108108108108109,0.21621621621621623
_thaisnery,0.2857142857142857,0.14285714285714285,0.0,0.42857142857142855,0.0,0.14285714285714285,0.0,0.3125,0.0,0.125,0.375,0.125,0.0625,0.0
_thasss_,0.0,0.11764705882352941,0.058823529411764705,0.4117647058823529,0.11764705882352941,0.058823529411764705,0.23529411764705882,0.2857142857142857,0.0,0.2857142857142857,0.14285714285714285,0.0,0.0,0.2857142857142857
_vregadas,0.2222222222222222,0.2222222222222222,0.0,0.3333333333333333,0.0,0.1111111111111111,0.1111111111111111,0.21052631578947367,0.0,0.10526315789473684,0.3157894736842105,0.0,0.21052631578947367,0.15789473684210525
_xXLEVIATHANXx_,0.0,0.0,0.0,0.4,0.2,0.0,0.4,0.0,0.0,0.0,0.2857142857142857,0.42857142857142855,0.0,0.2857142857142857
_yuriesteves,0.1935483870967742,0.0,0.16129032258064516,0.3548387096774194,0.0967741935483871,0.16129032258064516,0.03225806451612903,0.0,0.0,0.1875,0.5625,0.0,0.0,0.25
_zerella,0.08333333333333333,0.25,0.0,0.25,0.25,0.08333333333333333,0.08333333333333333,0.0,0.0,0.14285714285714285,0.8571428571428571,0.0,0.0,0.0
a_nathh,0.0,0.0,0.3333333333333333,0.16666666666666666,0.16666666666666666,0.0,0.3333333333333333,0.4,0.2,0.2,0.0,0.2,0.0,0.0
aaahcarol,0.17391304347826086,0.08695652173913043,0.043478260869565216,0.43478260869565216,0.13043478260869565,0.08695652173913043,0.043478260869565216,0.0,0.0,0.3333333333333333,0.5,0.0,0.0,0.16666666666666666
aandsou,0.09090909090909091,0.2727272727272727,0.36363636363636365,0.18181818181818182,0.0,0.09090909090909091,0.0,0.025,0.1,0.25,0.525,0.025,0.0,0.075
about1debs,0.0,0.1,0.2,0.3,0.0,0.4,0.0,0.2,0.0,0.4,0.4,0.0,0.0,0.0
abrabissima,0.0,0.0,0.2857142857142857,0.7142857142857143,0.0,0.0,0.0,0.10526315789473684,0.05263157894736842,0.15789473684210525,0.47368421052631576,0.0,0.10526315789473684,0.10526315789473684
acciodri,0.03571428571428571,0.14285714285714285,0.14285714285714285,0.42857142857142855,0.03571428571428571,0.10714285714285714,0.10714285714285714,0.0,0.0,0.125,0.625,0.0,0.0,0.25
actaoficial,0.17391304347826086,0.043478260869565216,0.21739130434782608,0.30434782608695654,0.0,0.13043478260869565,0.13043478260869565,0.27586206896551724,0.034482758620689655,0.3103448275862069,0.20689655172413793,0.0,0.13793103448275862,0.034482758620689655
adamssxe,0.0,0.5555555555555556,0.3333333333333333,0.1111111111111111,0.0,0.0,0.0,0.10526315789473684,0.05263157894736842,0.05263157894736842,0.3684210526315789,0.0,0.21052631578947367,0.21052631578947367
adilaflor,0.1956521739130435,0.08695652173913043,0.10869565217391304,0.391304347826087,0.043478260869565216,0.043478260869565216,0.13043478260869565,0.1,0.1,0.35,0.25,0.0,0.05,0.15
adlagiacomini,0.08433734939759036,0.060240963855421686,0.2289156626506024,0.37349397590361444,0.10843373493975904,0.03614457831325301,0.10843373493975904,0.07514450867052024,0.09826589595375723,0.18497109826589594,0.3063583815028902,0.09826589595375723,0.06936416184971098,0.1676300578034682
adorodogs,0.2857142857142857,0.14285714285714285,0.0,0.14285714285714285,0.14285714285714285,0.0,0.2857142857142857,0.18181818181818182,0.09090909090909091,0.09090909090909091,0.36363636363636365,0.0,0.13636363636363635,0.13636363636363635
adrianolcp,0.13157894736842105,0.05263157894736842,0.15789473684210525,0.23684210526315788,0.21052631578947367,0.02631578947368421,0.18421052631578946,0.375,0.0,0.25,0.25,0.0,0.0,0.125
advogada320,0.29411764705882354,0.058823529411764705,0.17647058823529413,0.35294117647058826,0.058823529411764705,0.0,0.058823529411764705,0.3333333333333333,0.09523809523809523,0.14285714285714285,0.2857142857142857,0.0,0.09523809523809523,0.047619047619047616
ady_ferrer,0.15789473684210525,0.10526315789473684,0.2631578947368421,0.22807017543859648,0.05263157894736842,0.07017543859649122,0.12280701754385964,0.12598425196850394,0.09448818897637795,0.1732283464566929,0.3228346456692913,0.05511811023622047,0.10236220472440945,0.12598425196850394
aeciando,0.25,0.0,0.3,0.35,0.0,0.0,0.1,0.16666666666666666,0.3333333333333333,0.3333333333333333,0.16666666666666666,0.0,0.0,0.0
afonsoborges,0.3,0.0,0.0,0.3,0.1,0.2,0.1,0.2,0.0,0.2,0.2,0.0,0.0,0.4
agagacita,0.08333333333333333,0.0,0.16666666666666666,0.5,0.08333333333333333,0.08333333333333333,0.08333333333333333,0.0,0.14285714285714285,0.14285714285714285,0.42857142857142855,0.0,0.2857142857142857,0.0
agataGo_,0.08333333333333333,0.08333333333333333,0.0,0.3333333333333333,0.0,0.0,0.5,0.13333333333333333,0.06666666666666667,0.0,0.4666666666666667,0.06666666666666667,0.13333333333333333,0.13333333333333333
agbutterx,0.5,0.125,0.125,0.125,0.0,0.0,0.125,0.15384615384615385,0.07692307692307693,0.3076923076923077,0.23076923076923078,0.0,0.07692307692307693,0.15384615384615385
aguiar_livia,0.0,0.125,0.125,0.5,0.125,0.125,0.0,0.0,0.0,0.8,0.2,0.0,0.0,0.0
ahaskenna,0.0,0.2857142857142857,0.14285714285714285,0.2857142857142857,0.0,0.14285714285714285,0.14285714285714285,0.2,0.0,0.2,0.4,0.2,0.0,0.0
ajotinhaa,0.21052631578947367,0.10526315789473684,0.3157894736842105,0.15789473684210525,0.0,0.15789473684210525,0.05263157894736842,0.0,0.0,0.2,0.8,0.0,0.0,0.0
albertini_andre,0.1111111111111111,0.16666666666666666,0.16666666666666666,0.2222222222222222,0.05555555555555555,0.1111111111111111,0.16666666666666666,0.5555555555555556,0.0,0.0,0.1111111111111111,0.2222222222222222,0.1111111111111111,0.0
alcidescfilho,0.0,0.2,0.2,0.6,0.0,0.0,0.0,0.2,0.0,0.0,0.2,0.0,0.6,0.0
alcysio,0.14035087719298245,0.07017543859649122,0.2631578947368421,0.22807017543859648,0.05263157894736842,0.05263157894736842,0.19298245614035087,0.22413793103448276,0.1724137931034483,0.15517241379310345,0.22413793103448276,0.05172413793103448,0.06896551724137931,0.10344827586206896
aleestefan,0.3053435114503817,0.05343511450381679,0.12213740458015267,0.1984732824427481,0.08396946564885496,0.05343511450381679,0.183206106870229,0.0,0.07692307692307693,0.15384615384615385,0.15384615384615385,0.38461538461538464,0.0,0.23076923076923078
alenasgroove,0.09090909090909091,0.2727272727272727,0.09090909090909091,0.18181818181818182,0.09090909090909091,0.09090909090909091,0.18181818181818182,0.15,0.075,0.075,0.325,0.025,0.2,0.15
alerabbit_,0.0,0.2,0.2,0.3,0.2,0.1,0.0,0.2222222222222222,0.0,0.2222222222222222,0.2222222222222222,0.1111111111111111,0.1111111111111111,0.1111111111111111
alex84504722,0.0,0.2222222222222222,0.3333333333333333,0.2222222222222222,0.0,0.1111111111111111,0.1111111111111111,0.0,0.16666666666666666,0.16666666666666666,0.5,0.0,0.16666666666666666,0.0
alex_pinheiro,0.0,0.25,0.3333333333333333,0.16666666666666666,0.16666666666666666,0.0,0.08333333333333333,0.2,0.1,0.3,0.1,0.0,0.2,0.1
alexandradiiias,0.14285714285714285,0.0,0.14285714285714285,0.42857142857142855,0.0,0.0,0.2857142857142857,0.20481927710843373,0.03614457831325301,0.10843373493975904,0.43373493975903615,0.060240963855421686,0.04819277108433735,0.10843373493975904
alexandremsena,0.15384615384615385,0.07692307692307693,0.38461538461538464,0.15384615384615385,0.0,0.15384615384615385,0.07692307692307693,0.2,0.0,0.4,0.2,0.0,0.0,0.2
alfredospira,0.10900473933649289,0.07582938388625593,0.2132701421800948,0.3459715639810427,0.037914691943127965,0.10426540284360189,0.11374407582938388,0.13333333333333333,0.11666666666666667,0.18333333333333332,0.36666666666666664,0.027777777777777776,0.03888888888888889,0.13333333333333333
alicipegar,0.25,0.0,0.0,0.25,0.125,0.0,0.375,0.0,0.0,0.2,0.4,0.2,0.2,0.0
alicyatorresss,0.16666666666666666,0.16666666666666666,0.16666666666666666,0.5,0.0,0.0,0.0,0.25,0.0,0.0,0.125,0.375,0.0,0.25
aliensgoback,0.12903225806451613,0.06451612903225806,0.16129032258064516,0.45161290322580644,0.0,0.06451612903225806,0.12903225806451613,0.08695652173913043,0.21739130434782608,0.043478260869565216,0.34782608695652173,0.0,0.08695652173913043,0.21739130434782608
alissonsdc,0.0,0.0625,0.1875,0.4375,0.1875,0.0,0.125,0.16666666666666666,0.16666666666666666,0.0,0.0,0.16666666666666666,0.0,0.5
allandospanos,0.1951219512195122,0.07317073170731707,0.1951219512195122,0.43902439024390244,0.04878048780487805,0.0,0.04878048780487805,0.041666666666666664,0.125,0.14583333333333334,0.2708333333333333,0.08333333333333333,0.020833333333333332,0.3125
allipert,0.10869565217391304,0.13043478260869565,0.1956521739130435,0.30434782608695654,0.0,0.08695652173913043,0.17391304347826086,0.1,0.2,0.15,0.4,0.05,0.0,0.1
almeidacm3,0.07042253521126761,0.11737089201877934,0.215962441314554,0.3427230046948357,0.051643192488262914,0.09389671361502347,0.107981220657277,0.0653061224489796,0.10204081632653061,0.2,0.3795918367346939,0.04081632653061224,0.07346938775510205,0.13877551020408163
alokaleona,0.1,0.1,0.2,0.1,0.3,0.0,0.2,0.07692307692307693,0.07692307692307693,0.46153846153846156,0.15384615384615385,0.07692307692307693,0.07692307692307693,0.07692307692307693
altas_treta,0.13333333333333333,0.13333333333333333,0.06666666666666667,0.26666666666666666,0.06666666666666667,0.2,0.13333333333333333,0.2,0.1,0.2,0.2,0.0,0.1,0.2
alucard_kpopper,0.17142857142857143,0.22857142857142856,0.11428571428571428,0.2571428571428571,0.02857142857142857,0.02857142857142857,0.17142857142857143,0.15,0.15,0.35,0.1,0.05,0.05,0.15
alvesidantas,0.21739130434782608,0.08695652173913043,0.13043478260869565,0.34782608695652173,0.08695652173913043,0.0,0.13043478260869565,0.16666666666666666,0.16666666666666666,0.1,0.13333333333333333,0.13333333333333333,0.2,0.1
alvineigra,0.2222222222222222,0.0,0.0,0.2222222222222222,0.2222222222222222,0.2222222222222222,0.1111111111111111,0.07142857142857142,0.07142857142857142,0.42857142857142855,0.21428571428571427,0.07142857142857142,0.0,0.14285714285714285
amandacalabriar,0.3333333333333333,0.16666666666666666,0.16666666666666666,0.0,0.0,0.0,0.3333333333333333,0.2222222222222222,0.0,0.4444444444444444,0.1111111111111111,0.0,0.1111111111111111,0.1111111111111111
amandaevelynl,0.42857142857142855,0.14285714285714285,0.0,0.14285714285714285,0.0,0.14285714285714285,0.14285714285714285,0.0625,0.125,0.25,0.125,0.125,0.125,0.1875
amandafariaszzz,0.4,0.0,0.0,0.0,0.0,0.4,0.2,0.2857142857142857,0.14285714285714285,0.0,0.0,0.14285714285714285,0.14285714285714285,0.2857142857142857
amandamalves18,0.2857142857142857,0.0,0.14285714285714285,0.2857142857142857,0.0,0.0,0.2857142857142857,0.0,0.2,0.2,0.4,0.2,0.0,0.0
amandiqq,0.09090909090909091,0.0,0.2727272727272727,0.36363636363636365,0.18181818181818182,0.0,0.09090909090909091,0.35714285714285715,0.07142857142857142,0.0,0.2857142857142857,0.0,0.14285714285714285,0.14285714285714285
amanhatomelhor,0.375,0.125,0.25,0.125,0.0,0.0,0.125,0.0,0.3333333333333333,0.08333333333333333,0.5833333333333334,0.0,0.0,0.0
amgauna,0.047619047619047616,0.09523809523809523,0.19047619047619047,0.38095238095238093,0.047619047619047616,0.09523809523809523,0.14285714285714285,0.16666666666666666,0.08333333333333333,0.16666666666666666,0.3333333333333333,0.0,0.08333333333333333,0.16666666666666666
ammoralemdavida,0.15789473684210525,0.10526315789473684,0.10526315789473684,0.42105263157894735,0.05263157894736842,0.10526315789473684,0.05263157894736842,0.18181818181818182,0.09090909090909091,0.2727272727272727,0.2727272727272727,0.0,0.09090909090909091,0.09090909090909091
amogatocatlove,0.25609756097560976,0.07317073170731707,0.17073170731707318,0.15853658536585366,0.04878048780487805,0.13414634146341464,0.15853658536585366,0.06451612903225806,0.12903225806451613,0.16129032258064516,0.3870967741935484,0.06451612903225806,0.16129032258064516,0.03225806451612903
amosiley,0.16666666666666666,0.0,0.3333333333333333,0.3333333333333333,0.16666666666666666,0.0,0.0,0.2,0.05,0.15,0.2,0.1,0.1,0.2
ana7_ju,0.07608695652173914,0.05434782608695652,0.25,0.3695652173913043,0.021739130434782608,0.09782608695652174,0.13043478260869565,0.07339449541284404,0.08256880733944955,0.1834862385321101,0.42201834862385323,0.027522935779816515,0.11009174311926606,0.10091743119266056
ana_pelicer,0.14285714285714285,0.0,0.14285714285714285,0.2857142857142857,0.07142857142857142,0.07142857142857142,0.2857142857142857,0.0,0.0,0.16666666666666666,0.6666666666666666,0.0,0.16666666666666666,0.0
anaathanasio,0.16666666666666666,0.03333333333333333,0.16666666666666666,0.4,0.03333333333333333,0.13333333333333333,0.06666666666666667,0.0,0.0,0.0,0.4,0.0,0.2,0.4
anabee,0.13829787234042554,0.09574468085106383,0.26595744680851063,0.32978723404255317,0.02127659574468085,0.06382978723404255,0.0851063829787234,0.14285714285714285,0.08928571428571429,0.23214285714285715,0.21428571428571427,0.05357142857142857,0.10714285714285714,0.16071428571428573
anabernardi,0.14744801512287334,0.06427221172022685,0.15689981096408318,0.42911153119092627,0.035916824196597356,0.06427221172022685,0.10207939508506617,0.09366391184573003,0.06060606060606061,0.15151515151515152,0.465564738292011,0.07162534435261708,0.06060606060606061,0.09641873278236915
anabimota,0.2,0.04,0.12,0.2,0.2,0.12,0.12,0.4,0.0,0.0,0.0,0.2,0.0,0.4
anablblt,0.125,0.0,0.125,0.625,0.125,0.0,0.0,0.0,0.3333333333333333,0.16666666666666666,0.3333333333333333,0.0,0.16666666666666666,0.0
anacaiixeta,0.0,0.0,0.2,0.4,0.2,0.0,0.2,0.0,0.4,0.2,0.2,0.2,0.0,0.0
anacreisc392,0.0,0.0,0.0,0.4,0.0,0.2,0.4,0.0,0.16666666666666666,0.3333333333333333,0.0,0.16666666666666666,0.16666666666666666,0.16666666666666666
anacsmol,0.375,0.125,0.25,0.125,0.0,0.0,0.125,0.0,0.14285714285714285,0.23809523809523808,0.42857142857142855,0.047619047619047616,0.09523809523809523,0.047619047619047616
anadetroia,0.04,0.12,0.12,0.28,0.04,0.2,0.2,0.13333333333333333,0.13333333333333333,0.26666666666666666,0.06666666666666667,0.0,0.2,0.2
anaelisabacon,0.0,0.1111111111111111,0.0,0.3333333333333333,0.2222222222222222,0.0,0.3333333333333333,0.0,0.0,0.2,0.6,0.2,0.0,0.0
anaherdy,0.14516129032258066,0.12903225806451613,0.14516129032258066,0.2903225806451613,0.03225806451612903,0.12903225806451613,0.12903225806451613,0.12686567164179105,0.06716417910447761,0.22388059701492538,0.34328358208955223,0.041044776119402986,0.0708955223880597,0.12686567164179105
anaiisc_,0.0,0.14285714285714285,0.0,0.2857142857142857,0.2857142857142857,0.14285714285714285,0.14285714285714285,0.0,0.0,0.2222222222222222,0.5555555555555556,0.0,0.0,0.2222222222222222
analuizab86,0.038461538461538464,0.11538461538461539,0.2692307692307692,0.4230769230769231,0.0,0.07692307692307693,0.07692307692307693,0.15384615384615385,0.3076923076923077,0.15384615384615385,0.23076923076923078,0.0,0.0,0.15384615384615385
anatomydead,0.0,0.16666666666666666,0.25,0.25,0.16666666666666666,0.08333333333333333,0.08333333333333333,0.13793103448275862,0.13793103448275862,0.13793103448275862,0.4482758620689655,0.034482758620689655,0.06896551724137931,0.034482758620689655
anatuitando,0.0,0.2,0.4,0.0,0.2,0.0,0.2,0.1,0.3,0.1,0.4,0.0,0.1,0.0
andersazevedo,0.0,0.07692307692307693,0.15384615384615385,0.5384615384615384,0.07692307692307693,0.07692307692307693,0.07692307692307693,0.0,0.375,0.0,0.375,0.125,0.125,0.0
andersondrews,0.03225806451612903,0.0,0.06451612903225806,0.12903225806451613,0.03225806451612903,0.0,0.7419354838709677,0.057692307692307696,0.17307692307692307,0.07692307692307693,0.36538461538461536,0.019230769230769232,0.15384615384615385,0.15384615384615385
andressabussm,0.1,0.4,0.1,0.1,0.2,0.0,0.1,0.4,0.2,0.2,0.2,0.0,0.0,0.0
andygnada,0.1111111111111111,0.16666666666666666,0.2222222222222222,0.16666666666666666,0.1111111111111111,0.05555555555555555,0.16666666666666666,0.15384615384615385,0.07692307692307693,0.15384615384615385,0.5384615384615384,0.07692307692307693,0.0,0.0
anevves,0.25,0.0,0.25,0.375,0.0,0.0,0.125,0.16666666666666666,0.16666666666666666,0.16666666666666666,0.16666666666666666,0.0,0.0,0.3333333333333333
angelcaiudoceu,0.16666666666666666,0.08333333333333333,0.16666666666666666,0.4166666666666667,0.0,0.08333333333333333,0.08333333333333333,0.0,0.14285714285714285,0.2857142857142857,0.14285714285714285,0.0,0.2857142857142857,0.14285714285714285
angelixxc,0.0,0.5714285714285714,0.14285714285714285,0.14285714285714285,0.0,0.0,0.14285714285714285,0.2857142857142857,0.2857142857142857,0.2857142857142857,0.14285714285714285,0.0,0.0,0.0
aninhamofatto,0.10784313725490197,0.10784313725490197,0.18627450980392157,0.28431372549019607,0.0392156862745098,0.16666666666666666,0.10784313725490197,0.13432835820895522,0.08955223880597014,0.14925373134328357,0.34328358208955223,0.05970149253731343,0.13432835820895522,0.08955223880597014
anjo_azul1,0.1141552511415525,0.0867579908675799,0.2511415525114155,0.3242009132420091,0.0045662100456621,0.0547945205479452,0.1643835616438356,0.1256544502617801,0.09424083769633508,0.2617801047120419,0.3298429319371728,0.010471204188481676,0.07329842931937172,0.10471204188481675
anna_pestilli,0.10869565217391304,0.06521739130434782,0.10869565217391304,0.4782608695652174,0.06521739130434782,0.06521739130434782,0.10869565217391304,0.04950495049504951,0.07425742574257425,0.15346534653465346,0.43564356435643564,0.019801980198019802,0.06930693069306931,0.19801980198019803
annauchoa_,0.1111111111111111,0.18518518518518517,0.2222222222222222,0.2962962962962963,0.037037037037037035,0.1111111111111111,0.037037037037037035,0.05555555555555555,0.1388888888888889,0.05555555555555555,0.4444444444444444,0.1388888888888889,0.1111111111111111,0.05555555555555555
annystonreal,0.041666666666666664,0.125,0.16666666666666666,0.125,0.08333333333333333,0.125,0.3333333333333333,0.13793103448275862,0.0,0.10344827586206896,0.5862068965517241,0.06896551724137931,0.034482758620689655,0.06896551724137931
antoniio_87,0.17647058823529413,0.11764705882352941,0.11764705882352941,0.35294117647058826,0.058823529411764705,0.0,0.17647058823529413,0.2222222222222222,0.2222222222222222,0.3333333333333333,0.1111111111111111,0.0,0.1111111111111111,0.0
antoniosabenca,0.2857142857142857,0.14285714285714285,0.14285714285714285,0.0,0.0,0.42857142857142855,0.0,0.0,0.4,0.0,0.6,0.0,0.0,0.0
antunxs2,0.0,0.4,0.4,0.2,0.0,0.0,0.0,0.5,0.16666666666666666,0.16666666666666666,0.0,0.0,0.0,0.16666666666666666
anysperfection,0.45454545454545453,0.09090909090909091,0.18181818181818182,0.2727272727272727,0.0,0.0,0.0,0.047619047619047616,0.047619047619047616,0.09523809523809523,0.38095238095238093,0.2857142857142857,0.0,0.14285714285714285
apanselmo,0.061946902654867256,0.07079646017699115,0.18584070796460178,0.26548672566371684,0.061946902654867256,0.12389380530973451,0.23008849557522124,0.02185792349726776,0.10382513661202186,0.12568306010928962,0.3825136612021858,0.12568306010928962,0.08196721311475409,0.15846994535519127
apocombr,0.0,0.1111111111111111,0.1111111111111111,0.4444444444444444,0.0,0.0,0.3333333333333333,0.0,0.0,0.2,0.5333333333333333,0.0,0.13333333333333333,0.13333333333333333
apoisongirl,0.0,0.0,0.0,0.2,0.4,0.2,0.2,0.0,0.0,0.2857142857142857,0.2857142857142857,0.14285714285714285,0.2857142857142857,0.0
aquela_vadia,0.058823529411764705,0.09803921568627451,0.17647058823529413,0.37254901960784315,0.0784313725490196,0.09803921568627451,0.11764705882352941,0.045454545454545456,0.13636363636363635,0.18181818181818182,0.4318181818181818,0.06818181818181818,0.022727272727272728,0.11363636363636363
aquelaprofagab,0.2,0.0,0.1,0.3,0.1,0.0,0.3,0.2222222222222222,0.2222222222222222,0.0,0.1111111111111111,0.2222222222222222,0.0,0.2222222222222222
arachelcomch,0.4,0.0,0.2,0.4,0.0,0.0,0.0,0.06666666666666667,0.13333333333333333,0.26666666666666666,0.2,0.06666666666666667,0.13333333333333333,0.13333333333333333
aredeinfo,0.07407407407407407,0.07407407407407407,0.0,0.5555555555555556,0.07407407407407407,0.037037037037037035,0.18518518518518517,0.03571428571428571,0.07142857142857142,0.07142857142857142,0.6071428571428571,0.07142857142857142,0.07142857142857142,0.07142857142857142
arianaismypride,0.09090909090909091,0.0,0.2727272727272727,0.45454545454545453,0.18181818181818182,0.0,0.0,0.07692307692307693,0.07692307692307693,0.15384615384615385,0.46153846153846156,0.07692307692307693,0.07692307692307693,0.07692307692307693
arielbife,0.047619047619047616,0.047619047619047616,0.19047619047619047,0.47619047619047616,0.14285714285714285,0.047619047619047616,0.047619047619047616,0.0,0.14285714285714285,0.14285714285714285,0.35714285714285715,0.21428571428571427,0.07142857142857142,0.07142857142857142
arq_poc,0.08823529411764706,0.14705882352941177,0.29411764705882354,0.17647058823529413,0.0,0.14705882352941177,0.14705882352941177,0.05,0.05,0.15,0.55,0.05,0.05,0.1
arrobamartina,0.1111111111111111,0.2222222222222222,0.1111111111111111,0.4444444444444444,0.1111111111111111,0.0,0.0,0.125,0.125,0.125,0.375,0.0,0.0,0.25
artesanodeserto,0.18181818181818182,0.09090909090909091,0.36363636363636365,0.18181818181818182,0.18181818181818182,0.0,0.0,0.09090909090909091,0.0,0.36363636363636365,0.2727272727272727,0.0,0.0,0.2727272727272727
asereiasemcalda,0.125,0.28125,0.09375,0.09375,0.0625,0.1875,0.15625,0.20833333333333334,0.08333333333333333,0.16666666666666666,0.20833333333333334,0.16666666666666666,0.041666666666666664,0.125
asothiago,0.2857142857142857,0.14285714285714285,0.2857142857142857,0.0,0.0,0.0,0.2857142857142857,0.42857142857142855,0.14285714285714285,0.42857142857142855,0.0,0.0,0.0,0.0
asterixtica,0.0,0.125,0.125,0.5,0.125,0.0,0.125,0.125,0.125,0.125,0.375,0.125,0.0,0.125
augusto7_cesar,0.10111524163568773,0.09144981412639405,0.1828996282527881,0.3858736059479554,0.04684014869888476,0.07137546468401487,0.1204460966542751,0.10344827586206896,0.034482758620689655,0.2413793103448276,0.41379310344827586,0.034482758620689655,0.06896551724137931,0.10344827586206896
augustoperillo,0.10416666666666667,0.10416666666666667,0.16666666666666666,0.22916666666666666,0.125,0.08333333333333333,0.1875,0.20833333333333334,0.25,0.125,0.08333333333333333,0.08333333333333333,0.08333333333333333,0.16666666666666666
aureliaggomes,0.16666666666666666,0.16666666666666666,0.0,0.3333333333333333,0.16666666666666666,0.0,0.16666666666666666,0.0,0.16,0.16,0.4,0.04,0.08,0.16
ayalaamrt,0.0,0.4,0.0,0.4,0.0,0.0,0.2,0.0,0.125,0.0,0.375,0.125,0.125,0.25
b4rthv4d3r,0.1875,0.1875,0.125,0.25,0.1875,0.0,0.0625,0.08333333333333333,0.0,0.4166666666666667,0.16666666666666666,0.08333333333333333,0.08333333333333333,0.16666666666666666
babialeencar,0.13636363636363635,0.045454545454545456,0.13636363636363635,0.45454545454545453,0.09090909090909091,0.09090909090909091,0.045454545454545456,0.0,0.0,0.2,0.8,0.0,0.0,0.0
babimouton,0.13043478260869565,0.13043478260869565,0.21739130434782608,0.34782608695652173,0.08695652173913043,0.0,0.08695652173913043,0.23684210526315788,0.05263157894736842,0.21052631578947367,0.15789473684210525,0.05263157894736842,0.13157894736842105,0.15789473684210525
badlanass,0.1,0.1,0.4,0.0,0.1,0.1,0.2,0.08333333333333333,0.25,0.3333333333333333,0.08333333333333333,0.08333333333333333,0.08333333333333333,0.08333333333333333
badtorias,0.125,0.25,0.125,0.125,0.125,0.125,0.125,0.14285714285714285,0.42857142857142855,0.14285714285714285,0.0,0.0,0.14285714285714285,0.14285714285714285
baetrizc,0.2222222222222222,0.2222222222222222,0.0,0.5555555555555556,0.0,0.0,0.0,0.07692307692307693,0.1282051282051282,0.1794871794871795,0.358974358974359,0.02564102564102564,0.1282051282051282,0.10256410256410256
bahiensecomh,0.1111111111111111,0.0,0.5555555555555556,0.1111111111111111,0.1111111111111111,0.1111111111111111,0.0,0.0625,0.0,0.125,0.375,0.125,0.125,0.1875
bambam1aj,0.14285714285714285,0.14285714285714285,0.2857142857142857,0.14285714285714285,0.0,0.0,0.2857142857142857,0.42857142857142855,0.0,0.0,0.14285714285714285,0.0,0.0,0.42857142857142855
bancocomunista,0.2,0.2,0.0,0.6,0.0,0.0,0.0,0.3333333333333333,0.0,0.0,0.3333333333333333,0.3333333333333333,0.0,0.0
bang_a_gong,0.0,0.1111111111111111,0.2222222222222222,0.4444444444444444,0.1111111111111111,0.0,0.1111111111111111,0.0,0.06666666666666667,0.2,0.4666666666666667,0.0,0.06666666666666667,0.2
barbaradadepre,0.0,0.16666666666666666,0.3333333333333333,0.3333333333333333,0.0,0.0,0.16666666666666666,0.1111111111111111,0.0,0.2222222222222222,0.2222222222222222,0.2222222222222222,0.0,0.2222222222222222
barbaridadebarb,0.4,0.06666666666666667,0.13333333333333333,0.2,0.06666666666666667,0.0,0.13333333333333333,0.375,0.0,0.25,0.25,0.0,0.0,0.125
barrros_jonatas,0.16666666666666666,0.08333333333333333,0.25,0.25,0.0,0.08333333333333333,0.16666666666666666,0.0,0.3333333333333333,0.1111111111111111,0.2222222222222222,0.1111111111111111,0.0,0.2222222222222222
bbdamascenoo,0.1111111111111111,0.0,0.1111111111111111,0.3333333333333333,0.1111111111111111,0.2222222222222222,0.1111111111111111,0.0,0.16666666666666666,0.3333333333333333,0.3333333333333333,0.16666666666666666,0.0,0.0
bcatini,0.2692307692307692,0.15384615384615385,0.23076923076923078,0.07692307692307693,0.15384615384615385,0.038461538461538464,0.07692307692307693,0.14285714285714285,0.07142857142857142,0.10714285714285714,0.14285714285714285,0.17857142857142858,0.10714285714285714,0.25
bdxlhzz,0.2,0.0,0.6,0.0,0.0,0.0,0.2,0.0,0.058823529411764705,0.17647058823529413,0.5882352941176471,0.0,0.17647058823529413,0.0
beaaraujop,0.2222222222222222,0.1111111111111111,0.1111111111111111,0.1111111111111111,0.0,0.1111111111111111,0.3333333333333333,0.08108108108108109,0.24324324324324326,0.1891891891891892,0.24324324324324326,0.0,0.08108108108108109,0.16216216216216217
beatrizbrasill,0.42857142857142855,0.42857142857142855,0.14285714285714285,0.0,0.0,0.0,0.0,0.42857142857142855,0.0,0.14285714285714285,0.14285714285714285,0.14285714285714285,0.0,0.14285714285714285
beatrizcaminha,0.36363636363636365,0.045454545454545456,0.09090909090909091,0.13636363636363635,0.09090909090909091,0.09090909090909091,0.18181818181818182,0.42857142857142855,0.0,0.14285714285714285,0.0,0.14285714285714285,0.14285714285714285,0.14285714285714285
beatwittou,0.16666666666666666,0.0,0.0,0.3333333333333333,0.16666666666666666,0.3333333333333333,0.0,0.0,0.4,0.2,0.0,0.4,0.0,0.0
beaz3ta,0.07692307692307693,0.07692307692307693,0.38461538461538464,0.15384615384615385,0.0,0.19230769230769232,0.11538461538461539,0.07142857142857142,0.35714285714285715,0.2857142857142857,0.2857142857142857,0.0,0.0,0.0
beetlejuke,0.2222222222222222,0.1111111111111111,0.1111111111111111,0.0,0.2222222222222222,0.0,0.3333333333333333,0.25,0.25,0.125,0.25,0.0,0.0,0.125
beilishessa,0.0,0.4,0.2,0.2,0.0,0.0,0.2,0.0,0.0,0.125,0.5,0.0625,0.0625,0.25
bellajobedo,0.1,0.0,0.2,0.35,0.1,0.15,0.1,0.125,0.0,0.125,0.5,0.125,0.125,0.0
belleff_,0.28,0.0,0.2,0.2,0.08,0.08,0.16,0.125,0.0,0.25,0.25,0.125,0.25,0.0
belluriana,0.1,0.3,0.2,0.3,0.1,0.0,0.0,0.4,0.4,0.0,0.0,0.2,0.0,0.0
benifalcone,0.21739130434782608,0.17391304347826086,0.17391304347826086,0.30434782608695654,0.0,0.0,0.13043478260869565,0.125,0.25,0.0,0.375,0.0,0.0,0.25
beraldotv,0.0,0.0,0.2631578947368421,0.47368421052631576,0.10526315789473684,0.05263157894736842,0.10526315789473684,0.0,0.0,0.3333333333333333,0.16666666666666666,0.0,0.3333333333333333,0.16666666666666666
besigaud,0.3333333333333333,0.14285714285714285,0.14285714285714285,0.19047619047619047,0.047619047619047616,0.047619047619047616,0.09523809523809523,0.34782608695652173,0.08695652173913043,0.17391304347826086,0.17391304347826086,0.13043478260869565,0.043478260869565216,0.043478260869565216
betavox,0.22950819672131148,0.04918032786885246,0.13114754098360656,0.2459016393442623,0.11475409836065574,0.13114754098360656,0.09836065573770492,0.0851063829787234,0.0851063829787234,0.2553191489361702,0.23404255319148937,0.06382978723404255,0.0425531914893617,0.23404255319148937
bevanlis,0.15384615384615385,0.038461538461538464,0.15384615384615385,0.2692307692307692,0.07692307692307693,0.11538461538461539,0.19230769230769232,0.1111111111111111,0.0,0.2222222222222222,0.4444444444444444,0.0,0.1111111111111111,0.1111111111111111
bia___b,0.16666666666666666,0.16666666666666666,0.16666666666666666,0.0,0.3333333333333333,0.0,0.16666666666666666,0.3333333333333333,0.16666666666666666,0.0,0.16666666666666666,0.16666666666666666,0.0,0.16666666666666666
biamrmc,0.0,0.2,0.2,0.4,0.0,0.2,0.0,0.0,0.0,0.36363636363636365,0.45454545454545453,0.0,0.0,0.18181818181818182
biancabars,0.16666666666666666,0.16666666666666666,0.16666666666666666,0.25,0.08333333333333333,0.0,0.16666666666666666,0.21428571428571427,0.0,0.42857142857142855,0.14285714285714285,0.0,0.21428571428571427,0.0
biancafabiano_,0.3333333333333333,0.0,0.0,0.5,0.0,0.0,0.16666666666666666,0.1111111111111111,0.1111111111111111,0.2222222222222222,0.1111111111111111,0.1111111111111111,0.1111111111111111,0.2222222222222222
biatuitta_,0.125,0.0625,0.0625,0.375,0.125,0.125,0.125,0.0,0.16666666666666666,0.08333333333333333,0.6666666666666666,0.0,0.08333333333333333,0.0
biazitagomes,0.22580645161290322,0.06451612903225806,0.16129032258064516,0.1935483870967742,0.06451612903225806,0.1935483870967742,0.0967741935483871,0.17777777777777778,0.08888888888888889,0.26666666666666666,0.2222222222222222,0.08888888888888889,0.06666666666666667,0.08888888888888889
bibibri,0.1,0.2,0.1,0.2,0.0,0.2,0.2,0.125,0.5,0.0,0.125,0.0,0.125,0.125
biicrvg,0.06896551724137931,0.20689655172413793,0.13793103448275862,0.3448275862068966,0.034482758620689655,0.0,0.20689655172413793,0.09375,0.0625,0.21875,0.40625,0.0,0.09375,0.125
billyjoeybr,0.2727272727272727,0.2727272727272727,0.09090909090909091,0.09090909090909091,0.18181818181818182,0.0,0.09090909090909091,0.4,0.0,0.2,0.0,0.4,0.0,0.0
biobecc,0.17647058823529413,0.23529411764705882,0.11764705882352941,0.23529411764705882,0.0,0.11764705882352941,0.11764705882352941,0.0,0.16666666666666666,0.16666666666666666,0.16666666666666666,0.0,0.3333333333333333,0.16666666666666666
bisicologa,0.1724137931034483,0.10344827586206896,0.1724137931034483,0.2413793103448276,0.034482758620689655,0.0,0.27586206896551724,0.12121212121212122,0.09090909090909091,0.30303030303030304,0.3939393939393939,0.0,0.0,0.09090909090909091
bisurinha,0.2,0.1,0.2,0.1,0.025,0.125,0.25,0.17647058823529413,0.23529411764705882,0.17647058823529413,0.23529411764705882,0.11764705882352941,0.0,0.058823529411764705
bizzleftford,0.0,0.058823529411764705,0.0,0.8823529411764706,0.0,0.0,0.058823529411764705,0.1111111111111111,0.0,0.2222222222222222,0.5555555555555556,0.0,0.1111111111111111,0.0
bkhaosprophet,0.2727272727272727,0.18181818181818182,0.18181818181818182,0.2727272727272727,0.0,0.0,0.09090909090909091,0.05,0.225,0.275,0.3,0.025,0.125,0.0
blaerta,0.16666666666666666,0.0,0.25,0.16666666666666666,0.16666666666666666,0.0,0.25,0.0,0.07142857142857142,0.14285714285714285,0.21428571428571427,0.14285714285714285,0.21428571428571427,0.21428571428571427
blanchettxweisz,0.1875,0.0,0.3125,0.25,0.125,0.125,0.0,0.0,0.0,0.2,0.4,0.0,0.2,0.2
blinkmelphia,0.13333333333333333,0.2,0.06666666666666667,0.26666666666666666,0.0,0.06666666666666667,0.26666666666666666,0.0,0.25,0.0,0.375,0.125,0.125,0.125
bluvobi,0.6,0.0,0.2,0.0,0.0,0.0,0.2,0.1,0.08,0.16,0.52,0.04,0.04,0.06
boaventuramar,0.2222222222222222,0.05555555555555555,0.2222222222222222,0.3333333333333333,0.0,0.05555555555555555,0.1111111111111111,0.16666666666666666,0.0,0.08333333333333333,0.3333333333333333,0.0,0.16666666666666666,0.25
bolharegal,0.1,0.05,0.2,0.6,0.0,0.05,0.0,0.25,0.25,0.0,0.375,0.0,0.125,0.0
bonanestefani_,0.18181818181818182,0.0,0.36363636363636365,0.36363636363636365,0.0,0.09090909090909091,0.0,0.0,0.14285714285714285,0.14285714285714285,0.42857142857142855,0.0,0.0,0.2857142857142857
bpitteri,0.0,0.14285714285714285,0.0,0.14285714285714285,0.14285714285714285,0.2857142857142857,0.2857142857142857,0.08333333333333333,0.16666666666666666,0.08333333333333333,0.3333333333333333,0.0,0.16666666666666666,0.16666666666666666
bravesunfl,0.1875,0.125,0.3125,0.125,0.0,0.0625,0.1875,0.14285714285714285,0.14285714285714285,0.42857142857142855,0.14285714285714285,0.0,0.0,0.14285714285714285
brazilianbird93,0.1111111111111111,0.2222222222222222,0.0,0.4444444444444444,0.1111111111111111,0.1111111111111111,0.0,0.14285714285714285,0.14285714285714285,0.14285714285714285,0.42857142857142855,0.07142857142857142,0.07142857142857142,0.0
breakingthatbad,0.4,0.0,0.2,0.2,0.2,0.0,0.0,0.16666666666666666,0.16666666666666666,0.0,0.16666666666666666,0.16666666666666666,0.0,0.3333333333333333
brendabefs,0.0,0.0,0.16666666666666666,0.5,0.16666666666666666,0.16666666666666666,0.0,0.125,0.25,0.0,0.25,0.0,0.125,0.25
brisabelinha,0.07692307692307693,0.0,0.15384615384615385,0.38461538461538464,0.0,0.0,0.38461538461538464,0.25,0.0,0.375,0.0,0.125,0.125,0.125
brocoleez,0.16666666666666666,0.0,0.0,0.6666666666666666,0.16666666666666666,0.0,0.0,0.16666666666666666,0.16666666666666666,0.0,0.5,0.0,0.0,0.16666666666666666
brolshevik,0.06358381502890173,0.11560693641618497,0.13872832369942195,0.4508670520231214,0.03468208092485549,0.07514450867052024,0.12138728323699421,0.04081632653061224,0.08163265306122448,0.20408163265306123,0.3877551020408163,0.04081632653061224,0.08163265306122448,0.16326530612244897
broonaIanz,0.3076923076923077,0.0,0.07692307692307693,0.23076923076923078,0.15384615384615385,0.07692307692307693,0.15384615384615385,0.0,0.0,0.16666666666666666,0.5,0.0,0.16666666666666666,0.16666666666666666
brruba_,0.0,0.09090909090909091,0.36363636363636365,0.3181818181818182,0.045454545454545456,0.045454545454545456,0.13636363636363635,0.16666666666666666,0.3333333333333333,0.3333333333333333,0.16666666666666666,0.0,0.0,0.0
brunaale_hg,0.09090909090909091,0.0,0.22727272727272727,0.3181818181818182,0.045454545454545456,0.045454545454545456,0.2727272727272727,0.13636363636363635,0.13636363636363635,0.045454545454545456,0.36363636363636365,0.0,0.13636363636363635,0.18181818181818182
brunnopimentaa,0.07692307692307693,0.0,0.38461538461538464,0.46153846153846156,0.0,0.07692307692307693,0.0,0.047619047619047616,0.09523809523809523,0.09523809523809523,0.38095238095238093,0.14285714285714285,0.047619047619047616,0.19047619047619047
bruno_oliveir,0.14285714285714285,0.07142857142857142,0.07142857142857142,0.42857142857142855,0.0,0.14285714285714285,0.14285714285714285,0.04,0.24,0.12,0.48,0.0,0.04,0.08
bruno_reis,0.07142857142857142,0.07142857142857142,0.2857142857142857,0.14285714285714285,0.0,0.14285714285714285,0.2857142857142857,0.13793103448275862,0.13793103448275862,0.1724137931034483,0.3793103448275862,0.034482758620689655,0.0,0.13793103448275862
brunobrownie,0.09523809523809523,0.19047619047619047,0.23809523809523808,0.3333333333333333,0.047619047619047616,0.047619047619047616,0.047619047619047616,0.3888888888888889,0.1111111111111111,0.16666666666666666,0.1111111111111111,0.0,0.05555555555555555,0.16666666666666666
brunocruz,0.09090909090909091,0.18181818181818182,0.0,0.2727272727272727,0.0,0.18181818181818182,0.2727272727272727,0.1,0.0,0.2,0.0,0.2,0.3,0.2
brunomoda_,0.2631578947368421,0.05263157894736842,0.10526315789473684,0.21052631578947367,0.10526315789473684,0.05263157894736842,0.21052631578947367,0.5,0.0,0.125,0.25,0.0,0.0,0.125
brunovox23,0.14705882352941177,0.16176470588235295,0.11764705882352941,0.3088235294117647,0.04411764705882353,0.08823529411764706,0.1323529411764706,0.16666666666666666,0.13333333333333333,0.06666666666666667,0.36666666666666664,0.03333333333333333,0.16666666666666666,0.06666666666666667
brusemmim,0.2,0.13333333333333333,0.26666666666666666,0.3333333333333333,0.0,0.0,0.06666666666666667,0.1,0.2,0.0,0.3,0.0,0.1,0.3
bruubs_vieira_,0.15384615384615385,0.0,0.07692307692307693,0.46153846153846156,0.0,0.15384615384615385,0.15384615384615385,0.0,0.4,0.0,0.0,0.2,0.2,0.2
bruxiany,0.0,0.0,0.2,0.4,0.0,0.2,0.2,0.0,0.0,0.14285714285714285,0.42857142857142855,0.14285714285714285,0.14285714285714285,0.14285714285714285
bruynx_,0.11538461538461539,0.11538461538461539,0.15384615384615385,0.3076923076923077,0.07692307692307693,0.11538461538461539,0.11538461538461539,0.0,0.4166666666666667,0.08333333333333333,0.3333333333333333,0.08333333333333333,0.0,0.08333333333333333
bryonis,0.26666666666666666,0.13333333333333333,0.13333333333333333,0.3333333333333333,0.0,0.06666666666666667,0.06666666666666667,0.0,0.08333333333333333,0.3333333333333333,0.4166666666666667,0.08333333333333333,0.08333333333333333,0.0
btrzot,0.125,0.125,0.2125,0.3,0.0625,0.075,0.1,0.0,0.1111111111111111,0.1111111111111111,0.4444444444444444,0.0,0.0,0.3333333333333333
bubbeatriz,0.125,0.0,0.125,0.5,0.0,0.0,0.25,0.0,0.2,0.2,0.4,0.0,0.2,0.0
bubblylouu,0.25,0.08333333333333333,0.16666666666666666,0.3333333333333333,0.08333333333333333,0.0,0.08333333333333333,0.0,0.14285714285714285,0.14285714285714285,0.2857142857142857,0.0,0.14285714285714285,0.2857142857142857
bucetwigs,0.2,0.1,0.2,0.3,0.0,0.1,0.1,0.1111111111111111,0.2222222222222222,0.1111111111111111,0.2222222222222222,0.2222222222222222,0.1111111111111111,0.0
bug_vincent,0.3,0.2,0.2,0.0,0.1,0.1,0.1,0.1568627450980392,0.0784313725490196,0.19607843137254902,0.17647058823529413,0.1568627450980392,0.11764705882352941,0.11764705882352941
burnpurry,0.125,0.375,0.125,0.375,0.0,0.0,0.0,0.0,0.2,0.1,0.3,0.1,0.0,0.3
busanbaby97j,0.2857142857142857,0.0,0.0,0.42857142857142855,0.0,0.14285714285714285,0.14285714285714285,0.0,0.0,0.4,0.2,0.0,0.2,0.2
byandreass,0.3333333333333333,0.0,0.16666666666666666,0.0,0.0,0.3333333333333333,0.16666666666666666,0.1,0.1,0.3,0.1,0.0,0.2,0.2
caah_stos_,0.125,0.0,0.375,0.25,0.125,0.125,0.0,0.0,0.0,0.35714285714285715,0.35714285714285715,0.07142857142857142,0.14285714285714285,0.07142857142857142
caapatta,0.125,0.0,0.25,0.5,0.0,0.0,0.125,0.08333333333333333,0.08333333333333333,0.08333333333333333,0.5,0.0,0.08333333333333333,0.16666666666666666
cacaukiwi,0.25,0.0,0.125,0.625,0.0,0.0,0.0,0.0,0.16666666666666666,0.16666666666666666,0.16666666666666666,0.3333333333333333,0.16666666666666666,0.0
cadidekell,0.0,0.0,0.375,0.0,0.25,0.125,0.25,0.1,0.0,0.3,0.0,0.3,0.2,0.1
cafecomrapadura,0.1,0.0,0.1,0.6,0.0,0.0,0.2,0.0,0.14285714285714285,0.14285714285714285,0.2857142857142857,0.0,0.2857142857142857,0.14285714285714285
cahlameirao,0.0,0.0,0.14285714285714285,0.7142857142857143,0.0,0.14285714285714285,0.0,0.125,0.1875,0.125,0.1875,0.0,0.25,0.125
sidetoshawny,0.0,0.1111111111111111,0.2222222222222222,0.3333333333333333,0.0,0.2222222222222222,0.1111111111111111,0.3333333333333333,0.3333333333333333,0.0,0.16666666666666666,0.0,0.16666666666666666,0.0
siebrasep,0.6,0.0,0.2,0.2,0.0,0.0,0.0,0.15,0.1,0.05,0.4,0.05,0.25,0.0
silvaglopes1,0.14285714285714285,0.13095238095238096,0.19047619047619047,0.36904761904761907,0.047619047619047616,0.023809523809523808,0.09523809523809523,0.32142857142857145,0.07142857142857142,0.2857142857142857,0.21428571428571427,0.07142857142857142,0.0,0.03571428571428571
silviabttgr,0.1111111111111111,0.16666666666666666,0.16666666666666666,0.3333333333333333,0.05555555555555555,0.1111111111111111,0.05555555555555555,0.08333333333333333,0.05555555555555555,0.1111111111111111,0.3055555555555556,0.08333333333333333,0.08333333333333333,0.2777777777777778
silvianetto,0.16216216216216217,0.02702702702702703,0.1891891891891892,0.2972972972972973,0.05405405405405406,0.16216216216216217,0.10810810810810811,0.13846153846153847,0.1076923076923077,0.12307692307692308,0.26153846153846155,0.12307692307692308,0.12307692307692308,0.12307692307692308
simplexmente,0.05263157894736842,0.21052631578947367,0.21052631578947367,0.10526315789473684,0.10526315789473684,0.05263157894736842,0.2631578947368421,0.2,0.2,0.06666666666666667,0.23333333333333334,0.06666666666666667,0.03333333333333333,0.2
sinceraluane,0.0,0.05263157894736842,0.18421052631578946,0.42105263157894735,0.07894736842105263,0.05263157894736842,0.21052631578947367,0.0,0.0,0.3333333333333333,0.0,0.16666666666666666,0.0,0.5
siqueirathata,0.15,0.05,0.05,0.4,0.1,0.1,0.15,0.07692307692307693,0.0,0.07692307692307693,0.38461538461538464,0.07692307692307693,0.15384615384615385,0.23076923076923078
sirigorpds,0.2,0.1,0.1,0.4,0.0,0.2,0.0,0.14285714285714285,0.42857142857142855,0.0,0.42857142857142855,0.0,0.0,0.0
siririkamikaze,0.1111111111111111,0.1111111111111111,0.2222222222222222,0.3333333333333333,0.0,0.0,0.2222222222222222,0.19047619047619047,0.2857142857142857,0.14285714285714285,0.23809523809523808,0.0,0.047619047619047616,0.09523809523809523
sistaah_,0.15384615384615385,0.07692307692307693,0.15384615384615385,0.3076923076923077,0.07692307692307693,0.07692307692307693,0.15384615384615385,0.125,0.0,0.25,0.375,0.125,0.0,0.125
snapdragao666,0.19444444444444445,0.08333333333333333,0.08333333333333333,0.2777777777777778,0.08333333333333333,0.1388888888888889,0.1388888888888889,0.2222222222222222,0.0,0.2222222222222222,0.2222222222222222,0.1111111111111111,0.0,0.2222222222222222
sofialima_t,0.16666666666666666,0.2222222222222222,0.1111111111111111,0.16666666666666666,0.1111111111111111,0.05555555555555555,0.16666666666666666,0.13333333333333333,0.26666666666666666,0.2,0.06666666666666667,0.0,0.0,0.3333333333333333
sohjuniromesmo,0.16666666666666666,0.16666666666666666,0.25,0.25,0.0,0.08333333333333333,0.08333333333333333,0.3333333333333333,0.1111111111111111,0.0,0.1111111111111111,0.2222222222222222,0.2222222222222222,0.0
soilrm,0.2,0.2,0.0,0.4,0.0,0.0,0.2,0.0,0.0,0.16666666666666666,0.6666666666666666,0.0,0.0,0.16666666666666666
someb0dysaveme,0.2,0.2,0.2,0.4,0.0,0.0,0.0,0.0,0.0,0.0,0.6,0.2,0.0,0.2
sophievenusiana,0.08,0.12,0.16,0.36,0.16,0.04,0.08,0.16666666666666666,0.16666666666666666,0.05555555555555555,0.3333333333333333,0.05555555555555555,0.0,0.2222222222222222
sosmermaid,0.3,0.2,0.1,0.2,0.0,0.1,0.1,0.07692307692307693,0.07692307692307693,0.38461538461538464,0.07692307692307693,0.07692307692307693,0.15384615384615385,0.15384615384615385
souprincipessa,0.21052631578947367,0.15789473684210525,0.21052631578947367,0.15789473684210525,0.10526315789473684,0.0,0.15789473684210525,0.2727272727272727,0.09090909090909091,0.18181818181818182,0.36363636363636365,0.0,0.0,0.09090909090909091
sousacardosoj,0.14659685863874344,0.08900523560209424,0.2513089005235602,0.2670157068062827,0.05235602094240838,0.07329842931937172,0.12041884816753927,0.13385826771653545,0.10236220472440945,0.16535433070866143,0.3700787401574803,0.03937007874015748,0.08661417322834646,0.10236220472440945
soveronicamesmo,0.16666666666666666,0.5,0.0,0.16666666666666666,0.0,0.16666666666666666,0.0,0.13043478260869565,0.08695652173913043,0.17391304347826086,0.34782608695652173,0.0,0.043478260869565216,0.21739130434782608
spowderbatgurl,0.08333333333333333,0.08333333333333333,0.08333333333333333,0.3333333333333333,0.0,0.08333333333333333,0.3333333333333333,0.18181818181818182,0.09090909090909091,0.09090909090909091,0.45454545454545453,0.0,0.09090909090909091,0.09090909090909091
srgdnz,0.1,0.0,0.4,0.2,0.1,0.1,0.1,0.2,0.4,0.0,0.4,0.0,0.0,0.0
srsprouse,0.1111111111111111,0.05555555555555555,0.2777777777777778,0.2777777777777778,0.05555555555555555,0.05555555555555555,0.16666666666666666,0.14285714285714285,0.0,0.14285714285714285,0.14285714285714285,0.14285714285714285,0.14285714285714285,0.2857142857142857
srta_liberato,0.15384615384615385,0.3076923076923077,0.07692307692307693,0.3076923076923077,0.0,0.0,0.15384615384615385,0.4,0.2,0.0,0.4,0.0,0.0,0.0
ssaksellaw,0.0625,0.25,0.0625,0.0625,0.1875,0.125,0.25,0.0,0.0,0.2857142857142857,0.2857142857142857,0.0,0.2857142857142857,0.14285714285714285
ssauliv,0.4166666666666667,0.0,0.25,0.08333333333333333,0.08333333333333333,0.08333333333333333,0.08333333333333333,0.16666666666666666,0.3333333333333333,0.16666666666666666,0.16666666666666666,0.0,0.16666666666666666,0.0
stalingrada_,0.06666666666666667,0.06666666666666667,0.06666666666666667,0.4,0.2,0.06666666666666667,0.13333333333333333,0.4444444444444444,0.0,0.1111111111111111,0.3333333333333333,0.0,0.1111111111111111,0.0
standardLuc,0.12,0.24,0.2,0.24,0.0,0.04,0.16,0.09090909090909091,0.0,0.0,0.6363636363636364,0.0,0.0,0.2727272727272727
starkidoswin,0.6,0.0,0.0,0.2,0.2,0.0,0.0,0.2,0.2,0.2,0.0,0.2,0.0,0.2
stefanyschm,0.14285714285714285,0.14285714285714285,0.14285714285714285,0.14285714285714285,0.14285714285714285,0.2857142857142857,0.0,0.125,0.5,0.0,0.125,0.125,0.125,0.0
stenionobrega,0.3333333333333333,0.16666666666666666,0.0,0.5,0.0,0.0,0.0,0.1111111111111111,0.0,0.2222222222222222,0.4444444444444444,0.0,0.1111111111111111,0.1111111111111111
stillinxski,0.18181818181818182,0.0,0.45454545454545453,0.18181818181818182,0.0,0.09090909090909091,0.09090909090909091,0.2857142857142857,0.14285714285714285,0.0,0.14285714285714285,0.0,0.2857142857142857,0.14285714285714285
stnmanu,0.0,0.07692307692307693,0.15384615384615385,0.3076923076923077,0.15384615384615385,0.23076923076923078,0.07692307692307693,0.1,0.2,0.2,0.4,0.0,0.05,0.05
stuntedone,0.19047619047619047,0.09523809523809523,0.14285714285714285,0.23809523809523808,0.09523809523809523,0.09523809523809523,0.14285714285714285,0.14285714285714285,0.0,0.42857142857142855,0.42857142857142855,0.0,0.0,0.0
styIzhabit,0.23529411764705882,0.058823529411764705,0.11764705882352941,0.29411764705882354,0.0,0.0,0.29411764705882354,0.0,0.09090909090909091,0.18181818181818182,0.36363636363636365,0.0,0.2727272727272727,0.09090909090909091
suckerforjoseph,0.0,0.16666666666666666,0.16666666666666666,0.5,0.0,0.0,0.16666666666666666,0.0,0.2,0.0,0.6,0.0,0.2,0.0
suckless_gnomo,0.2727272727272727,0.18181818181818182,0.2727272727272727,0.18181818181818182,0.0,0.09090909090909091,0.0,0.0,0.14285714285714285,0.8571428571428571,0.0,0.0,0.0,0.0
sudemuner,0.2,0.0,0.1,0.4,0.0,0.1,0.2,0.03571428571428571,0.14285714285714285,0.21428571428571427,0.42857142857142855,0.0,0.07142857142857142,0.10714285714285714
sungjooyoongi,0.21428571428571427,0.07142857142857142,0.07142857142857142,0.21428571428571427,0.07142857142857142,0.21428571428571427,0.14285714285714285,0.18181818181818182,0.09090909090909091,0.18181818181818182,0.2727272727272727,0.18181818181818182,0.09090909090909091,0.0
sunshinnez,0.2,0.13333333333333333,0.13333333333333333,0.3333333333333333,0.06666666666666667,0.06666666666666667,0.06666666666666667,0.0,0.0,0.14285714285714285,0.5714285714285714,0.2857142857142857,0.0,0.0
surrasquinho_,0.1111111111111111,0.0,0.2222222222222222,0.1111111111111111,0.1111111111111111,0.3333333333333333,0.1111111111111111,0.2222222222222222,0.2222222222222222,0.0,0.1111111111111111,0.1111111111111111,0.0,0.3333333333333333
taaybritto,0.1,0.0,0.1,0.4,0.1,0.2,0.1,0.125,0.1875,0.125,0.3125,0.0625,0.1875,0.0
tabsmora,0.0,0.1,0.1,0.7,0.0,0.1,0.0,0.25,0.25,0.25,0.125,0.0,0.0,0.125
taidemais,0.0,0.2,0.6,0.0,0.0,0.0,0.2,0.14035087719298245,0.07017543859649122,0.21052631578947367,0.2982456140350877,0.08771929824561403,0.08771929824561403,0.10526315789473684
talita_pirralha,0.10989010989010989,0.08791208791208792,0.1684981684981685,0.29304029304029305,0.08424908424908426,0.08424908424908426,0.17216117216117216,0.18253968253968253,0.10317460317460317,0.1984126984126984,0.2619047619047619,0.007936507936507936,0.11904761904761904,0.12698412698412698
tang3l,0.18181818181818182,0.18181818181818182,0.2727272727272727,0.2727272727272727,0.0,0.0,0.09090909090909091,0.23076923076923078,0.07692307692307693,0.3076923076923077,0.07692307692307693,0.0,0.15384615384615385,0.15384615384615385
tantemeeere,0.14285714285714285,0.0,0.09523809523809523,0.38095238095238093,0.14285714285714285,0.047619047619047616,0.19047619047619047,0.16,0.12,0.12,0.4,0.08,0.0,0.12
tardiswyatt,0.09090909090909091,0.13636363636363635,0.22727272727272727,0.13636363636363635,0.18181818181818182,0.18181818181818182,0.045454545454545456,0.5,0.07142857142857142,0.0,0.14285714285714285,0.07142857142857142,0.07142857142857142,0.14285714285714285
tatianabichara,0.16,0.04,0.10666666666666667,0.4533333333333333,0.06666666666666667,0.04,0.13333333333333333,0.08163265306122448,0.12244897959183673,0.22448979591836735,0.3469387755102041,0.061224489795918366,0.04081632653061224,0.12244897959183673
tatianeerbr_,0.14285714285714285,0.14285714285714285,0.2857142857142857,0.42857142857142855,0.0,0.0,0.0,0.05263157894736842,0.21052631578947367,0.3157894736842105,0.2631578947368421,0.0,0.05263157894736842,0.10526315789473684
taziamendes,0.025,0.025,0.0625,0.5875,0.2125,0.0125,0.075,0.012345679012345678,0.012345679012345678,0.06172839506172839,0.5555555555555556,0.20987654320987653,0.012345679012345678,0.13580246913580246
tcamillasanches,0.1111111111111111,0.2222222222222222,0.3333333333333333,0.2222222222222222,0.0,0.1111111111111111,0.0,0.0,0.25,0.25,0.5,0.0,0.0,0.0
tchacktk,0.3333333333333333,0.16666666666666666,0.0,0.0,0.0,0.0,0.5,0.25,0.125,0.0,0.5,0.0,0.0,0.125
tchaunenem,0.0,0.4,0.2,0.4,0.0,0.0,0.0,0.07142857142857142,0.07142857142857142,0.21428571428571427,0.35714285714285715,0.0,0.07142857142857142,0.21428571428571427
teawsila,0.0,0.0,0.4,0.4,0.0,0.0,0.2,0.3076923076923077,0.0,0.07692307692307693,0.23076923076923078,0.23076923076923078,0.07692307692307693,0.07692307692307693
tecane,0.0,0.3333333333333333,0.08333333333333333,0.4166666666666667,0.0,0.0,0.16666666666666666,0.0,0.2,0.0,0.8,0.0,0.0,0.0
teozzao,0.0,0.16666666666666666,0.08333333333333333,0.3333333333333333,0.08333333333333333,0.08333333333333333,0.25,0.16666666666666666,0.16666666666666666,0.2222222222222222,0.3333333333333333,0.0,0.05555555555555555,0.05555555555555555
terezaraqll,0.14285714285714285,0.14285714285714285,0.14285714285714285,0.42857142857142855,0.0,0.14285714285714285,0.0,0.1111111111111111,0.0,0.1111111111111111,0.4444444444444444,0.0,0.3333333333333333,0.0
thaaii_z,0.2,0.4,0.2,0.0,0.0,0.0,0.2,0.18181818181818182,0.0,0.45454545454545453,0.2727272727272727,0.0,0.09090909090909091,0.0
thaarcii,0.16666666666666666,0.0,0.08333333333333333,0.25,0.25,0.08333333333333333,0.16666666666666666,0.0,0.16666666666666666,0.5,0.0,0.0,0.16666666666666666,0.16666666666666666
thainaracrf1,0.0,0.2,0.4,0.0,0.2,0.2,0.0,0.14285714285714285,0.14285714285714285,0.0,0.42857142857142855,0.0,0.14285714285714285,0.14285714285714285
thaiscpmacedo,0.0,0.1111111111111111,0.16666666666666666,0.4444444444444444,0.0,0.1111111111111111,0.16666666666666666,0.15789473684210525,0.10526315789473684,0.21052631578947367,0.3684210526315789,0.0,0.05263157894736842,0.10526315789473684
thaispereira,0.25925925925925924,0.07407407407407407,0.12345679012345678,0.2839506172839506,0.08641975308641975,0.037037037037037035,0.13580246913580246,0.1179245283018868,0.09905660377358491,0.1509433962264151,0.4056603773584906,0.0330188679245283,0.09905660377358491,0.09433962264150944
thamy_moraes,0.07142857142857142,0.14285714285714285,0.09523809523809523,0.35714285714285715,0.09523809523809523,0.023809523809523808,0.21428571428571427,0.10714285714285714,0.07142857142857142,0.21428571428571427,0.2857142857142857,0.07142857142857142,0.07142857142857142,0.17857142857142858
thanjoniel,0.1111111111111111,0.2222222222222222,0.0,0.3333333333333333,0.0,0.1111111111111111,0.2222222222222222,0.2,0.2,0.2,0.2,0.0,0.0,0.2
thatianap,0.047619047619047616,0.09523809523809523,0.09523809523809523,0.42857142857142855,0.09523809523809523,0.09523809523809523,0.14285714285714285,0.13333333333333333,0.06666666666666667,0.26666666666666666,0.3333333333333333,0.0,0.06666666666666667,0.13333333333333333
thatianecruz,0.0,0.18181818181818182,0.36363636363636365,0.18181818181818182,0.0,0.0,0.2727272727272727,0.12,0.0,0.08,0.36,0.12,0.2,0.12
thauaneaa,0.1111111111111111,0.1111111111111111,0.2222222222222222,0.2222222222222222,0.1111111111111111,0.1111111111111111,0.1111111111111111,0.1,0.0,0.1,0.3,0.1,0.0,0.4
thaynaccunha,0.14285714285714285,0.14285714285714285,0.14285714285714285,0.5714285714285714,0.0,0.0,0.0,0.1111111111111111,0.1111111111111111,0.1111111111111111,0.3888888888888889,0.0,0.05555555555555555,0.2222222222222222
theatreofchaos,0.14285714285714285,0.21428571428571427,0.14285714285714285,0.14285714285714285,0.14285714285714285,0.14285714285714285,0.07142857142857142,0.2857142857142857,0.07142857142857142,0.35714285714285715,0.07142857142857142,0.14285714285714285,0.0,0.07142857142857142
theewk,0.0,0.0,0.2,0.6,0.0,0.2,0.0,0.13333333333333333,0.13333333333333333,0.26666666666666666,0.06666666666666667,0.06666666666666667,0.13333333333333333,0.2
theonewthkatys,0.125,0.125,0.25,0.25,0.125,0.0,0.125,0.25,0.0,0.125,0.25,0.0,0.25,0.125
thezewill,0.16666666666666666,0.0,0.16666666666666666,0.5,0.0,0.16666666666666666,0.0,0.1,0.05,0.2,0.3,0.05,0.1,0.2
thiabolico,0.25,0.0,0.1,0.4,0.05,0.05,0.15,0.2,0.04,0.2,0.24,0.08,0.04,0.2
thiagorolemberg,0.275,0.15,0.125,0.175,0.05,0.025,0.2,0.13333333333333333,0.03333333333333333,0.15,0.31666666666666665,0.11666666666666667,0.08333333333333333,0.16666666666666666
thlsouza,0.3333333333333333,0.1111111111111111,0.0,0.2222222222222222,0.0,0.0,0.3333333333333333,0.6,0.0,0.2,0.2,0.0,0.0,0.0
thxlau,0.13333333333333333,0.2,0.06666666666666667,0.3333333333333333,0.0,0.26666666666666666,0.0,0.03125,0.21875,0.15625,0.34375,0.03125,0.125,0.09375
tiagros,0.0,0.16666666666666666,0.16666666666666666,0.5,0.16666666666666666,0.0,0.0,0.16666666666666666,0.16666666666666666,0.3333333333333333,0.0,0.0,0.3333333333333333,0.0
timao_oliveiraa,0.07407407407407407,0.1111111111111111,0.25925925925925924,0.2962962962962963,0.037037037037037035,0.037037037037037035,0.18518518518518517,0.09375,0.10416666666666667,0.20833333333333334,0.3333333333333333,0.041666666666666664,0.10416666666666667,0.11458333333333333
tinytinniemari,0.125,0.0,0.25,0.375,0.0,0.25,0.0,0.125,0.0625,0.28125,0.21875,0.0,0.1875,0.125
tom_nomo,0.1111111111111111,0.1111111111111111,0.1111111111111111,0.3888888888888889,0.05555555555555555,0.1111111111111111,0.1111111111111111,0.125,0.125,0.0,0.375,0.25,0.0,0.125
tommorgadx,0.16,0.08,0.24,0.16,0.04,0.12,0.2,0.08045977011494253,0.09195402298850575,0.12643678160919541,0.40229885057471265,0.06896551724137931,0.11494252873563218,0.11494252873563218
tonahbrisa,0.16666666666666666,0.0,0.0,0.8333333333333334,0.0,0.0,0.0,0.14285714285714285,0.14285714285714285,0.2857142857142857,0.14285714285714285,0.0,0.07142857142857142,0.21428571428571427
tonlaaserda,0.13333333333333333,0.06666666666666667,0.0,0.8,0.0,0.0,0.0,0.25,0.0,0.0,0.625,0.0,0.0,0.125
tontonzudo,0.15789473684210525,0.05263157894736842,0.15789473684210525,0.21052631578947367,0.15789473684210525,0.15789473684210525,0.10526315789473684,0.23076923076923078,0.038461538461538464,0.19230769230769232,0.19230769230769232,0.11538461538461539,0.07692307692307693,0.15384615384615385
tonyferrreira,0.125,0.0,0.25,0.25,0.125,0.125,0.125,0.0,0.4,0.4,0.0,0.0,0.0,0.2
towntomlinson,0.23529411764705882,0.35294117647058826,0.17647058823529413,0.17647058823529413,0.0,0.0,0.058823529411764705,0.09523809523809523,0.047619047619047616,0.19047619047619047,0.3333333333333333,0.19047619047619047,0.0,0.14285714285714285
transgrediu,0.0,0.0,0.3333333333333333,0.3333333333333333,0.0,0.16666666666666666,0.16666666666666666,0.07142857142857142,0.0,0.35714285714285715,0.21428571428571427,0.07142857142857142,0.14285714285714285,0.14285714285714285
trindadeeeeexx,0.2,0.2,0.0,0.0,0.0,0.4,0.2,0.3333333333333333,0.0,0.3333333333333333,0.16666666666666666,0.0,0.0,0.16666666666666666
trocadofacil,0.2,0.0,0.2,0.2,0.4,0.0,0.0,0.0,0.2,0.0,0.2,0.0,0.6,0.0
troqueimeunick,0.08333333333333333,0.0,0.16666666666666666,0.5,0.0,0.0,0.25,0.14285714285714285,0.14285714285714285,0.42857142857142855,0.0,0.14285714285714285,0.14285714285714285,0.0
trpaixao,0.375,0.0,0.375,0.0,0.125,0.0,0.125,0.14285714285714285,0.0,0.2857142857142857,0.42857142857142855,0.0,0.0,0.14285714285714285
ttmlsn,0.5,0.0,0.0,0.3333333333333333,0.0,0.0,0.16666666666666666,0.0625,0.0,0.3125,0.25,0.0625,0.1875,0.125
tuttogelosa,0.1282051282051282,0.1282051282051282,0.28205128205128205,0.2564102564102564,0.05128205128205128,0.05128205128205128,0.10256410256410256,0.2,0.1,0.2,0.1,0.0,0.3,0.1
uaiGabriel,0.07142857142857142,0.21428571428571427,0.0,0.42857142857142855,0.07142857142857142,0.14285714285714285,0.07142857142857142,0.2727272727272727,0.2727272727272727,0.09090909090909091,0.18181818181818182,0.0,0.18181818181818182,0.0
uairayanee,0.1111111111111111,0.16666666666666666,0.2222222222222222,0.05555555555555555,0.0,0.1111111111111111,0.3333333333333333,0.09090909090909091,0.18181818181818182,0.18181818181818182,0.36363636363636365,0.0,0.0,0.18181818181818182
uarenothreat,0.2,0.4,0.0,0.4,0.0,0.0,0.0,0.16666666666666666,0.0,0.16666666666666666,0.0,0.3333333333333333,0.0,0.3333333333333333
uasabi_,0.06666666666666667,0.06666666666666667,0.06666666666666667,0.4,0.06666666666666667,0.13333333333333333,0.2,0.0625,0.0625,0.125,0.4375,0.0625,0.125,0.125
ues_batista,0.25,0.0,0.1875,0.375,0.125,0.0,0.0625,0.2,0.2,0.2,0.26666666666666666,0.06666666666666667,0.0,0.06666666666666667
ueyastelles,0.0,0.0,0.0,0.3333333333333333,0.1111111111111111,0.0,0.5555555555555556,0.0,0.18181818181818182,0.18181818181818182,0.36363636363636365,0.0,0.18181818181818182,0.09090909090909091
ultrravioIence,0.0,0.16666666666666666,0.16666666666666666,0.3333333333333333,0.0,0.16666666666666666,0.16666666666666666,0.06451612903225806,0.0967741935483871,0.06451612903225806,0.5806451612903226,0.0967741935483871,0.03225806451612903,0.06451612903225806
umaoutraopiniao,0.3114754098360656,0.08196721311475409,0.16393442622950818,0.2786885245901639,0.03278688524590164,0.03278688524590164,0.09836065573770492,0.20454545454545456,0.20454545454545456,0.09090909090909091,0.18181818181818182,0.0,0.13636363636363635,0.18181818181818182
umbomlatino,0.0,0.0,0.21428571428571427,0.2857142857142857,0.2857142857142857,0.07142857142857142,0.14285714285714285,0.15384615384615385,0.3076923076923077,0.07692307692307693,0.15384615384615385,0.11538461538461539,0.11538461538461539,0.07692307692307693
umdenos_,0.05263157894736842,0.05263157894736842,0.21052631578947367,0.2631578947368421,0.2631578947368421,0.0,0.15789473684210525,0.2222222222222222,0.0,0.5555555555555556,0.1111111111111111,0.1111111111111111,0.0,0.0
umsalvegeral,0.3333333333333333,0.0,0.16666666666666666,0.3333333333333333,0.16666666666666666,0.0,0.0,0.5,0.16666666666666666,0.0,0.3333333333333333,0.0,0.0,0.0
underIaine,0.14761904761904762,0.06190476190476191,0.18095238095238095,0.3047619047619048,0.10476190476190476,0.0761904761904762,0.12380952380952381,0.1044776119402985,0.0945273631840796,0.15920398009950248,0.3482587064676617,0.0945273631840796,0.06467661691542288,0.13432835820895522
unicornsftw,0.29411764705882354,0.17647058823529413,0.0,0.4117647058823529,0.058823529411764705,0.058823529411764705,0.0,0.1875,0.125,0.0,0.25,0.0625,0.3125,0.0625
uno4portas,0.2857142857142857,0.0,0.5714285714285714,0.14285714285714285,0.0,0.0,0.0,0.2,0.0,0.2,0.0,0.2,0.2,0.2
urameshssa,0.125,0.09615384615384616,0.21153846153846154,0.25961538461538464,0.057692307692307696,0.11538461538461539,0.1346153846153846,0.13432835820895522,0.04477611940298507,0.16417910447761194,0.373134328358209,0.11940298507462686,0.04477611940298507,0.11940298507462686
urenotfollowing,0.25,0.125,0.125,0.375,0.0,0.125,0.0,0.0,0.0,0.4,0.4,0.0,0.0,0.2
v43463826,0.3333333333333333,0.16666666666666666,0.08333333333333333,0.3333333333333333,0.0,0.0,0.08333333333333333,0.25,0.125,0.0,0.375,0.0,0.25,0.0
vImcx3,0.125,0.0,0.25,0.25,0.125,0.125,0.125,0.2903225806451613,0.06451612903225806,0.1935483870967742,0.2903225806451613,0.06451612903225806,0.0,0.0967741935483871
v_jukia,0.2,0.0,0.2,0.4,0.0,0.0,0.2,0.18181818181818182,0.09090909090909091,0.18181818181818182,0.18181818181818182,0.0,0.2727272727272727,0.09090909090909091
vacaholografica,0.2857142857142857,0.0,0.2857142857142857,0.14285714285714285,0.0,0.14285714285714285,0.14285714285714285,0.14285714285714285,0.14285714285714285,0.2857142857142857,0.42857142857142855,0.0,0.0,0.0
vadgil,0.15384615384615385,0.15384615384615385,0.23076923076923078,0.3076923076923077,0.0,0.15384615384615385,0.0,0.125,0.25,0.0,0.3125,0.0625,0.1875,0.0625
valcris15011791,0.19413919413919414,0.047619047619047616,0.12454212454212454,0.3443223443223443,0.11721611721611722,0.05860805860805861,0.11355311355311355,0.17564870259481039,0.09580838323353294,0.16766467065868262,0.313373253493014,0.07984031936127745,0.08782435129740519,0.07984031936127745
valeriando4ever,0.21739130434782608,0.17391304347826086,0.13043478260869565,0.2608695652173913,0.0,0.13043478260869565,0.08695652173913043,0.0,0.0,0.16666666666666666,0.6666666666666666,0.0,0.0,0.16666666666666666
valsantosls,0.18181818181818182,0.18181818181818182,0.09090909090909091,0.2727272727272727,0.09090909090909091,0.09090909090909091,0.09090909090909091,0.2,0.3,0.1,0.1,0.0,0.1,0.2
vamochico,0.3076923076923077,0.0,0.15384615384615385,0.38461538461538464,0.07692307692307693,0.0,0.07692307692307693,0.0,0.05263157894736842,0.15789473684210525,0.47368421052631576,0.05263157894736842,0.10526315789473684,0.15789473684210525
vampire_twink,0.4,0.0,0.0,0.0,0.2,0.2,0.2,0.2,0.0,0.0,0.4,0.0,0.2,0.2
vanerodrigues,0.13043478260869565,0.06521739130434782,0.2608695652173913,0.1956521739130435,0.06521739130434782,0.08695652173913043,0.1956521739130435,0.05263157894736842,0.10526315789473684,0.10526315789473684,0.42105263157894735,0.0,0.2631578947368421,0.05263157894736842
vanessa22nob,0.2153846153846154,0.13846153846153847,0.2153846153846154,0.15384615384615385,0.06153846153846154,0.12307692307692308,0.09230769230769231,0.07142857142857142,0.21428571428571427,0.07142857142857142,0.21428571428571427,0.07142857142857142,0.14285714285714285,0.21428571428571427
vanianinah,0.13043478260869565,0.0,0.2608695652173913,0.391304347826087,0.08695652173913043,0.043478260869565216,0.08695652173913043,0.043478260869565216,0.0,0.08695652173913043,0.6521739130434783,0.043478260869565216,0.043478260869565216,0.13043478260869565
vbfri,0.0,0.07692307692307693,0.07692307692307693,0.5384615384615384,0.0,0.07692307692307693,0.23076923076923078,0.11428571428571428,0.08571428571428572,0.14285714285714285,0.37142857142857144,0.08571428571428572,0.08571428571428572,0.11428571428571428
vcoelho__,0.25,0.16666666666666666,0.25,0.08333333333333333,0.08333333333333333,0.08333333333333333,0.08333333333333333,0.25,0.0,0.0,0.375,0.0,0.125,0.25
veennust,0.22580645161290322,0.0967741935483871,0.12903225806451613,0.22580645161290322,0.0967741935483871,0.03225806451612903,0.1935483870967742,0.0,0.0,0.0,0.2,0.0,0.8,0.0
veganahcomunah,0.6,0.0,0.0,0.0,0.0,0.0,0.4,0.0,0.0,0.4,0.2,0.0,0.0,0.4
veiadosgato_,0.13636363636363635,0.18181818181818182,0.09090909090909091,0.3181818181818182,0.0,0.09090909090909091,0.18181818181818182,0.2962962962962963,0.1111111111111111,0.25925925925925924,0.07407407407407407,0.07407407407407407,0.1111111111111111,0.07407407407407407
verysweetmango,0.16666666666666666,0.0,0.16666666666666666,0.3333333333333333,0.3333333333333333,0.0,0.0,0.375,0.0,0.125,0.25,0.0,0.125,0.125
vicentt_1,0.4,0.2,0.0,0.0,0.0,0.0,0.4,0.2,0.2,0.2,0.0,0.2,0.2,0.0
victorbreno91,0.08333333333333333,0.0,0.08333333333333333,0.5,0.16666666666666666,0.0,0.16666666666666666,0.08333333333333333,0.16666666666666666,0.0,0.4166666666666667,0.08333333333333333,0.0,0.25
victorhvgo,0.125,0.125,0.08333333333333333,0.375,0.08333333333333333,0.125,0.08333333333333333,0.2,0.1,0.1,0.5,0.0,0.1,0.0
victorsunga,0.19047619047619047,0.09523809523809523,0.23809523809523808,0.2857142857142857,0.0,0.09523809523809523,0.09523809523809523,0.047619047619047616,0.14285714285714285,0.09523809523809523,0.5714285714285714,0.0,0.09523809523809523,0.047619047619047616
viktorduttra,0.21428571428571427,0.0,0.07142857142857142,0.2857142857142857,0.07142857142857142,0.14285714285714285,0.21428571428571427,0.19230769230769232,0.11538461538461539,0.07692307692307693,0.3076923076923077,0.07692307692307693,0.15384615384615385,0.07692307692307693
viniciusjuniorx,0.3,0.1,0.2,0.1,0.0,0.2,0.1,0.09090909090909091,0.0,0.18181818181818182,0.09090909090909091,0.09090909090909091,0.09090909090909091,0.45454545454545453
viniciussexto,0.1984126984126984,0.0873015873015873,0.14285714285714285,0.23809523809523808,0.10317460317460317,0.06349206349206349,0.16666666666666666,0.18518518518518517,0.07407407407407407,0.16049382716049382,0.2345679012345679,0.12345679012345678,0.1111111111111111,0.1111111111111111
vinicsgomes,0.1875,0.0625,0.1875,0.4375,0.0,0.0,0.125,0.037037037037037035,0.18518518518518517,0.14814814814814814,0.37037037037037035,0.07407407407407407,0.14814814814814814,0.037037037037037035
vinniciusassiz,0.14634146341463414,0.12195121951219512,0.14634146341463414,0.2682926829268293,0.04878048780487805,0.12195121951219512,0.14634146341463414,0.125,0.0,0.125,0.625,0.0,0.0,0.125
virginiasousa,0.13953488372093023,0.09302325581395349,0.16279069767441862,0.3023255813953488,0.08139534883720931,0.09302325581395349,0.12790697674418605,0.12631578947368421,0.06315789473684211,0.1736842105263158,0.42105263157894735,0.02631578947368421,0.06842105263157895,0.12105263157894737
visualgabe,0.2,0.0,0.1,0.4,0.0,0.1,0.2,0.11538461538461539,0.23076923076923078,0.19230769230769232,0.19230769230769232,0.07692307692307693,0.038461538461538464,0.15384615384615385
vita_minha,0.1,0.0,0.3,0.1,0.0,0.2,0.3,0.1,0.3,0.2,0.0,0.0,0.0,0.4
vitcansada,0.0,0.1111111111111111,0.2222222222222222,0.3333333333333333,0.1111111111111111,0.1111111111111111,0.1111111111111111,0.2,0.0,0.1,0.4,0.0,0.2,0.1
vitinhohugodm,0.21052631578947367,0.0,0.2631578947368421,0.2631578947368421,0.10526315789473684,0.0,0.15789473684210525,0.37037037037037035,0.1111111111111111,0.1111111111111111,0.1111111111111111,0.14814814814814814,0.07407407407407407,0.07407407407407407
vitordornelles,0.26666666666666666,0.1,0.1,0.2,0.16666666666666666,0.0,0.16666666666666666,0.14285714285714285,0.14285714285714285,0.17857142857142858,0.14285714285714285,0.25,0.07142857142857142,0.07142857142857142
vitorflash,0.12307692307692308,0.09230769230769231,0.2,0.3230769230769231,0.03076923076923077,0.1076923076923077,0.12307692307692308,0.08333333333333333,0.08333333333333333,0.20833333333333334,0.3958333333333333,0.0625,0.125,0.041666666666666664
vitormarttins,0.0,0.15789473684210525,0.15789473684210525,0.47368421052631576,0.0,0.15789473684210525,0.05263157894736842,0.0,0.14285714285714285,0.2857142857142857,0.2857142857142857,0.0,0.0,0.2857142857142857
viturdgs,0.3,0.0,0.1,0.1,0.1,0.2,0.2,0.2,0.0,0.4,0.4,0.0,0.0,0.0
vivianehipolito,0.03571428571428571,0.14285714285714285,0.21428571428571427,0.35714285714285715,0.03571428571428571,0.07142857142857142,0.14285714285714285,0.0,0.3,0.1,0.3,0.1,0.1,0.1
vncslm,0.2,0.0,0.4,0.2,0.2,0.0,0.0,0.125,0.0,0.375,0.25,0.0,0.125,0.125
vnssalin,0.16666666666666666,0.16666666666666666,0.16666666666666666,0.3333333333333333,0.16666666666666666,0.0,0.0,0.1875,0.10416666666666667,0.14583333333333334,0.25,0.10416666666666667,0.020833333333333332,0.1875
vol3ifa,0.0,0.125,0.0,0.625,0.25,0.0,0.0,0.2,0.0,0.0,0.2,0.2,0.0,0.4
volcaniclana,0.29411764705882354,0.23529411764705882,0.17647058823529413,0.17647058823529413,0.0,0.0,0.11764705882352941,0.15384615384615385,0.23076923076923078,0.15384615384615385,0.23076923076923078,0.07692307692307693,0.0,0.15384615384615385
vsoliveira13,0.25,0.0,0.0,0.125,0.0,0.375,0.25,0.0,0.42857142857142855,0.14285714285714285,0.2857142857142857,0.14285714285714285,0.0,0.0
wagnerlucio59,0.14285714285714285,0.16666666666666666,0.21428571428571427,0.16666666666666666,0.07142857142857142,0.07142857142857142,0.16666666666666666,0.1346153846153846,0.11538461538461539,0.1346153846153846,0.38461538461538464,0.038461538461538464,0.09615384615384616,0.09615384615384616
waitinpurpxse,0.16666666666666666,0.16666666666666666,0.16666666666666666,0.16666666666666666,0.0,0.16666666666666666,0.16666666666666666,0.2,0.2,0.1,0.4,0.0,0.0,0.1
wannabecharlie6,0.0,0.0,0.0,0.6,0.0,0.0,0.4,0.0,0.0,0.0,0.6,0.0,0.0,0.4
warezende,0.12345679012345678,0.08641975308641975,0.14814814814814814,0.3950617283950617,0.04938271604938271,0.037037037037037035,0.16049382716049382,0.10526315789473684,0.10526315789473684,0.2631578947368421,0.3157894736842105,0.05263157894736842,0.05263157894736842,0.10526315789473684
weissmanlm,0.3076923076923077,0.15384615384615385,0.15384615384615385,0.23076923076923078,0.15384615384615385,0.0,0.0,0.14285714285714285,0.14285714285714285,0.14285714285714285,0.0,0.14285714285714285,0.2857142857142857,0.14285714285714285
welingtonc2020,0.03260869565217391,0.059782608695652176,0.11413043478260869,0.3967391304347826,0.14130434782608695,0.08152173913043478,0.17391304347826086,0.2222222222222222,0.0,0.3333333333333333,0.2222222222222222,0.1111111111111111,0.0,0.1111111111111111
wenniowette,0.2222222222222222,0.0,0.2222222222222222,0.1111111111111111,0.0,0.0,0.4444444444444444,0.2857142857142857,0.0,0.2857142857142857,0.42857142857142855,0.0,0.0,0.0
whateveridunno,0.09090909090909091,0.09090909090909091,0.18181818181818182,0.45454545454545453,0.09090909090909091,0.045454545454545456,0.045454545454545456,0.5,0.0,0.2,0.0,0.2,0.0,0.1
whipIIashz,0.14285714285714285,0.07142857142857142,0.21428571428571427,0.14285714285714285,0.14285714285714285,0.07142857142857142,0.21428571428571427,0.09090909090909091,0.2727272727272727,0.2727272727272727,0.36363636363636365,0.0,0.0,0.0
whoarobbie,0.14285714285714285,0.0,0.42857142857142855,0.2857142857142857,0.0,0.0,0.14285714285714285,0.14285714285714285,0.21428571428571427,0.07142857142857142,0.21428571428571427,0.14285714285714285,0.14285714285714285,0.07142857142857142
whosnerd,0.1346153846153846,0.11538461538461539,0.1346153846153846,0.40384615384615385,0.09615384615384616,0.019230769230769232,0.09615384615384616,0.12,0.08,0.27,0.26,0.07,0.08,0.12
whoswid,0.2,0.4,0.0,0.2,0.0,0.0,0.2,0.16666666666666666,0.08333333333333333,0.25,0.16666666666666666,0.0,0.16666666666666666,0.16666666666666666
wildestdev0nne,0.25,0.25,0.0,0.375,0.0,0.0,0.125,0.07142857142857142,0.0,0.07142857142857142,0.42857142857142855,0.14285714285714285,0.07142857142857142,0.21428571428571427
williamvaccari,0.1891891891891892,0.10810810810810811,0.16216216216216217,0.3783783783783784,0.02702702702702703,0.0,0.13513513513513514,0.0,0.2857142857142857,0.14285714285714285,0.2857142857142857,0.0,0.14285714285714285,0.14285714285714285
wiqueerno,0.14285714285714285,0.14285714285714285,0.14285714285714285,0.14285714285714285,0.14285714285714285,0.2857142857142857,0.0,0.09523809523809523,0.09523809523809523,0.23809523809523808,0.2857142857142857,0.0,0.14285714285714285,0.14285714285714285
witnessofgaga,0.0,0.16666666666666666,0.0,0.5,0.0,0.0,0.3333333333333333,0.12,0.08,0.12,0.4,0.08,0.04,0.16
wladchr,0.14285714285714285,0.023809523809523808,0.14285714285714285,0.38095238095238093,0.023809523809523808,0.14285714285714285,0.14285714285714285,0.23809523809523808,0.047619047619047616,0.3333333333333333,0.2857142857142857,0.047619047619047616,0.047619047619047616,0.0
wndernarnia,0.12,0.24,0.2,0.2,0.08,0.0,0.16,0.1111111111111111,0.0,0.4444444444444444,0.16666666666666666,0.0,0.16666666666666666,0.1111111111111111
wondergirwls,0.16666666666666666,0.13333333333333333,0.23333333333333334,0.26666666666666666,0.03333333333333333,0.1,0.06666666666666667,0.06382978723404255,0.06382978723404255,0.1276595744680851,0.5531914893617021,0.0425531914893617,0.0425531914893617,0.10638297872340426
worthirai,0.16666666666666666,0.16666666666666666,0.5,0.0,0.0,0.0,0.16666666666666666,0.16666666666666666,0.0,0.5,0.16666666666666666,0.0,0.0,0.16666666666666666
wowninis,0.18181818181818182,0.0,0.09090909090909091,0.36363636363636365,0.09090909090909091,0.0,0.2727272727272727,0.0,0.2,0.2,0.0,0.0,0.0,0.6
xandeXANDAO,0.2033898305084746,0.1864406779661017,0.22033898305084745,0.1016949152542373,0.01694915254237288,0.1864406779661017,0.0847457627118644,0.21666666666666667,0.1,0.11666666666666667,0.2,0.08333333333333333,0.15,0.13333333333333333
xcreepingdeath,0.2608695652173913,0.13043478260869565,0.13043478260869565,0.13043478260869565,0.0,0.043478260869565216,0.30434782608695654,0.08333333333333333,0.25,0.3333333333333333,0.08333333333333333,0.16666666666666666,0.0,0.08333333333333333
xereinm,0.05,0.15,0.3,0.3,0.05,0.1,0.05,0.1111111111111111,0.05555555555555555,0.19444444444444445,0.4444444444444444,0.027777777777777776,0.1111111111111111,0.05555555555555555
xiumieux,0.25,0.25,0.25,0.125,0.0,0.0,0.125,0.18181818181818182,0.09090909090909091,0.18181818181818182,0.36363636363636365,0.0,0.18181818181818182,0.0
xooxaecapenga,0.0,0.2,0.2,0.6,0.0,0.0,0.0,0.1111111111111111,0.05555555555555555,0.05555555555555555,0.3888888888888889,0.16666666666666666,0.05555555555555555,0.16666666666666666
xsupyallx,0.0,0.2,0.0,0.2,0.2,0.0,0.4,0.2857142857142857,0.14285714285714285,0.2857142857142857,0.14285714285714285,0.0,0.14285714285714285,0.0
xuvetynx,0.2,0.4,0.2,0.2,0.0,0.0,0.0,0.2222222222222222,0.0,0.0,0.6666666666666666,0.0,0.0,0.1111111111111111
xzkook,0.2,0.0,0.0,0.8,0.0,0.0,0.0,0.0,0.4,0.0,0.4,0.0,0.2,0.0
yagrinx,0.047619047619047616,0.09523809523809523,0.14285714285714285,0.42857142857142855,0.0,0.14285714285714285,0.14285714285714285,0.0,0.0,0.14285714285714285,0.2857142857142857,0.14285714285714285,0.0,0.42857142857142855
yasmimaluf,0.08333333333333333,0.25,0.08333333333333333,0.5,0.08333333333333333,0.0,0.0,0.07407407407407407,0.1111111111111111,0.2222222222222222,0.3333333333333333,0.037037037037037035,0.037037037037037035,0.18518518518518517
yellow_allstar,0.5,0.125,0.125,0.0,0.0625,0.0625,0.125,0.1875,0.0625,0.25,0.3125,0.125,0.0625,0.0
yhagosebaz,0.18181818181818182,0.0,0.09090909090909091,0.2727272727272727,0.2727272727272727,0.18181818181818182,0.0,0.0,0.0,0.3333333333333333,0.5,0.0,0.0,0.16666666666666666
ymtrr,0.10526315789473684,0.10526315789473684,0.21052631578947367,0.2631578947368421,0.05263157894736842,0.10526315789473684,0.15789473684210525,0.25,0.0,0.25,0.375,0.0,0.125,0.0
yonagatari,0.42857142857142855,0.14285714285714285,0.14285714285714285,0.0,0.14285714285714285,0.0,0.14285714285714285,0.3333333333333333,0.0,0.3333333333333333,0.0,0.3333333333333333,0.0,0.0
yrmrsrg,0.1,0.1,0.2,0.35,0.1,0.0,0.15,0.0,0.0,0.2,0.4666666666666667,0.13333333333333333,0.0,0.2
yuggoto,0.0,0.0,0.1,0.4,0.2,0.1,0.2,0.1111111111111111,0.0,0.2222222222222222,0.4444444444444444,0.1111111111111111,0.0,0.1111111111111111
yureitou,0.14285714285714285,0.09523809523809523,0.14285714285714285,0.5238095238095238,0.0,0.09523809523809523,0.0,0.0,0.1,0.2,0.6,0.0,0.1,0.0
yurinotyure,0.06666666666666667,0.13333333333333333,0.2,0.36666666666666664,0.0,0.03333333333333333,0.2,0.12307692307692308,0.1076923076923077,0.15384615384615385,0.4153846153846154,0.03076923076923077,0.1076923076923077,0.06153846153846154
zaynwl,0.08333333333333333,0.25,0.16666666666666666,0.3333333333333333,0.08333333333333333,0.0,0.08333333333333333,0.3333333333333333,0.0,0.16666666666666666,0.16666666666666666,0.0,0.3333333333333333,0.0
zebrito87,0.07142857142857142,0.21428571428571427,0.21428571428571427,0.2857142857142857,0.0,0.0,0.21428571428571427,0.0,0.08333333333333333,0.08333333333333333,0.4166666666666667,0.0,0.16666666666666666,0.25
zeephspell,0.3,0.2,0.1,0.1,0.0,0.0,0.3,0.16666666666666666,0.0,0.5,0.16666666666666666,0.0,0.0,0.16666666666666666
zezada10,0.3,0.0,0.2,0.3,0.0,0.0,0.2,0.047619047619047616,0.0,0.23809523809523808,0.5714285714285714,0.047619047619047616,0.0,0.09523809523809523
zkadin,0.030303030303030304,0.15151515151515152,0.09090909090909091,0.48484848484848486,0.09090909090909091,0.030303030303030304,0.12121212121212122,0.07692307692307693,0.15384615384615385,0.07692307692307693,0.5384615384615384,0.07692307692307693,0.0,0.07692307692307693
